timestamp;proc.cpu_num;proc.cpu_percent;proc.cpu_times.children_system;proc.cpu_times.children_user;proc.cpu_times.iowait;proc.cpu_times.system;proc.cpu_times.user;proc.create_time;proc.cwd;proc.exe;proc.gids.effective;proc.gids.real;proc.gids.saved;proc.io_counters.read_bytes;proc.io_counters.read_chars;proc.io_counters.read_count;proc.io_counters.write_bytes;proc.io_counters.write_chars;proc.io_counters.write_count;proc.ionice.ioclass;proc.ionice.value;proc.memory_full_info.data;proc.memory_full_info.dirty;proc.memory_full_info.lib;proc.memory_full_info.pss;proc.memory_full_info.rss;proc.memory_full_info.shared;proc.memory_full_info.swap;proc.memory_full_info.text;proc.memory_full_info.uss;proc.memory_full_info.vms;proc.memory_info.data;proc.memory_info.dirty;proc.memory_info.lib;proc.memory_info.rss;proc.memory_info.shared;proc.memory_info.text;proc.memory_info.vms;proc.memory_percent;proc.name;proc.nice;proc.num_ctx_switches.involuntary;proc.num_ctx_switches.voluntary;proc.num_fds;proc.num_threads;proc.pid;proc.ppid;proc.status;proc.terminal;proc.uids.effective;proc.uids.real;proc.uids.saved;proc.username;net.bytes_sent.eth0;net.bytes_recv.eth0;net.packets_sent.eth0;net.packets_recv.eth0;net.errin.eth0;net.errout.eth0;net.dropin.eth0;net.dropout.eth0;net.bytes_sent.eth1;net.bytes_recv.eth1;net.packets_sent.eth1;net.packets_recv.eth1;net.errin.eth1;net.errout.eth1;net.dropin.eth1;net.dropout.eth1;net.bytes_sent.ib0;net.bytes_recv.ib0;net.packets_sent.ib0;net.packets_recv.ib0;net.errin.ib0;net.errout.ib0;net.dropin.ib0;net.dropout.ib0;net.bytes_sent.lo;net.bytes_recv.lo;net.packets_sent.lo;net.packets_recv.lo;net.errin.lo;net.errout.lo;net.dropin.lo;net.dropout.lo;net.bytes_sent.virbr0;net.bytes_recv.virbr0;net.packets_sent.virbr0;net.packets_recv.virbr0;net.errin.virbr0;net.errout.virbr0;net.dropin.virbr0;net.dropout.virbr0;net.bytes_sent.virbr0-nic;net.bytes_recv.virbr0-nic;net.packets_sent.virbr0-nic;net.packets_recv.virbr0-nic;net.errin.virbr0-nic;net.errout.virbr0-nic;net.dropin.virbr0-nic;net.dropout.virbr0-nic;disk.read_count.md0;disk.read_bytes.md0;disk.write_count.md0;disk.write_bytes.md0;disk.read_count.sda;disk.read_bytes.sda;disk.write_count.sda;disk.write_bytes.sda;disk.read_count.sda1;disk.read_bytes.sda1;disk.write_count.sda1;disk.write_bytes.sda1;disk.read_count.sda2;disk.read_bytes.sda2;disk.write_count.sda2;disk.write_bytes.sda2;disk.read_count.sda3;disk.read_bytes.sda3;disk.write_count.sda3;disk.write_bytes.sda3;disk.read_count.sdb;disk.read_bytes.sdb;disk.write_count.sdb;disk.write_bytes.sdb;disk.read_count.sdb1;disk.read_bytes.sdb1;disk.write_count.sdb1;disk.write_bytes.sdb1;disk.read_count.sdb2;disk.read_bytes.sdb2;disk.write_count.sdb2;disk.write_bytes.sdb2;disk.read_count.sdb3;disk.read_bytes.sdb3;disk.write_count.sdb3;disk.write_bytes.sdb3;disk.read_count.sr0;disk.read_bytes.sr0;disk.write_count.sr0;disk.write_bytes.sr0;cpu.guest;cpu.guest_nice;cpu.idle;cpu.iowait;cpu.irq;cpu.nice;cpu.softirq;cpu.steal;cpu.system;cpu.user;cpu.percent;cpu.freq.current;cpu.freq.min;cpu.freq.max;cpu.ctx_switches;cpu.interrupts;cpu.soft_interrupts;cpu.syscalls
1722095615104.556;9;112.7;0.0;0.0;0.33;5.81;4.62;1722095602.38;/home/zmr280;/var/scratch/zmr280/opencraft/opencraft.x86_64;5712;5712;5712;230649856;8285411;1113;32768;16129;194;0;0;6122471424;0;0;505944064;505118720;91627520;0;8192;505847808;6540050432;6122471424;0;0;505389056;91656192;8192;6540050432;0.7491803316513116;opencraft.x86_64;0;7173;1479;41;88;26697;1;running;None;5712;5712;5712;zmr280;4238102223;3070725118;18853583;19375836;0;0;0;0;0;0;0;0;0;0;0;0;605152848;40714392324;3455039;3094757;0;0;0;7;44747673;44747673;268437;268437;0;0;0;0;0;0;0;0;0;0;0;0;0;0;0;0;0;0;0;0;516959;6390961664;115;6352896;352176;6347793920;174552;5154365440;137673;2183349760;32969;1836597248;10331;965780992;141186;3314573312;203965;3196152320;20;3194880;27720092;545758090752;3799305;710214082560;1002;21362176;18614;3214086144;27518311;542511759360;3780663;706996838400;200680;3222478848;9;3158016;0;0;0;0;0.0;0.0;17555015.73;174724.11;0.0;48896.35;729.67;0.0;1965953.93;5844020.35;24.6;2.6035;1200.0;3200.0;169527738702;34757080250;14391293310;0
1722095616132.1597;11;165.9;0.0;0.0;0.33;6.38;5.76;1722095602.38;/home/zmr280;/var/scratch/zmr280/opencraft/opencraft.x86_64;5712;5712;5712;230649856;10325709;7585;32768;16129;194;0;0;6130089984;0;0;512608256;512004096;91680768;0;8192;512512000;6547668992;6130089984;0;0;512004096;91680768;8192;6547668992;0.7589863569347057;opencraft.x86_64;0;7302;1893;41;88;26697;1;running;None;5712;5712;5712;zmr280;4238110740;3070726673;18853621;19375856;0;0;0;0;0;0;0;0;0;0;0;0;605152904;40714392324;3455040;3094757;0;0;0;7;44747673;44747673;268437;268437;0;0;0;0;0;0;0;0;0;0;0;0;0;0;0;0;0;0;0;0;516959;6390961664;115;6352896;352176;6347793920;174552;5154365440;137673;2183349760;32969;1836597248;10331;965780992;141186;3314573312;203965;3196152320;20;3194880;27720092;545758090752;3799305;710214082560;1002;21362176;18614;3214086144;27518311;542511759360;3780663;706996838400;200680;3222478848;9;3158016;0;0;0;0;0.0;0.0;17555040.53;174724.11;0.0;48896.45;729.67;0.0;1965955.8;5844026.32;24.2;2.5868124999999997;1200.0;3200.0;169528090578;34757125901;14391311231;0
1722095617163.144;7;161.0;0.0;0.0;0.33;6.92;6.88;1722095602.38;/home/zmr280;/var/scratch/zmr280/opencraft/opencraft.x86_64;5712;5712;5712;230649856;11915830;12629;32768;16129;194;0;0;6130089984;0;0;515672064;515264512;91836416;0;8192;515575808;6547668992;6130089984;0;0;515264512;91836416;8192;6547668992;0.7638195433901743;opencraft.x86_64;0;7505;2571;41;88;26697;1;running;None;5712;5712;5712;zmr280;4238119169;3070727778;18853658;19375869;0;0;0;0;0;0;0;0;0;0;0;0;605153116;40714392492;3455042;3094758;0;0;0;7;44747673;44747673;268437;268437;0;0;0;0;0;0;0;0;0;0;0;0;0;0;0;0;0;0;0;0;516959;6390961664;115;6352896;352176;6347793920;174552;5154365440;137673;2183349760;32969;1836597248;10331;965780992;141186;3314573312;203965;3196152320;20;3194880;27720092;545758090752;3799305;710214082560;1002;21362176;18614;3214086144;27518311;542511759360;3780663;706996838400;200680;3222478848;9;3158016;0;0;0;0;0.0;0.0;17555065.38;174724.11;0.0;48896.54;729.67;0.0;1965957.65;5844032.44;24.5;2.5474687499999997;1200.0;3200.0;169528439626;34757171693;14391330487;0
1722095618193.8833;1;155.3;0.0;0.0;0.33;7.4;8.02;1722095602.38;/home/zmr280;/var/scratch/zmr280/opencraft/opencraft.x86_64;5712;5712;5712;230649856;13343282;17157;32768;16129;194;0;0;6130089984;0;0;518019072;517611520;91836416;0;8192;517922816;6547668992;6130089984;0;0;517611520;91836416;8192;6547668992;0.767298709017038;opencraft.x86_64;0;7722;3452;41;88;26697;1;running;None;5712;5712;5712;zmr280;4238127421;3070729317;18853695;19375889;0;0;0;0;0;0;0;0;0;0;0;0;605155200;40714394676;3455056;3094771;0;0;0;7;44747673;44747673;268437;268437;0;0;0;0;0;0;0;0;0;0;0;0;0;0;0;0;0;0;0;0;516959;6390961664;115;6352896;352176;6347793920;174552;5154365440;137673;2183349760;32969;1836597248;10331;965780992;141186;3314573312;203965;3196152320;20;3194880;27720092;545758090752;3799305;710214082560;1002;21362176;18614;3214086144;27518311;542511759360;3780663;706996838400;200680;3222478848;9;3158016;0;0;0;0;0.0;0.0;17555090.6;174724.11;0.0;48896.65;729.67;0.0;1965959.52;5844038.57;24.3;2.5895624999999995;1200.0;3200.0;169528791415;34757217257;14391349703;0
1722095619238.709;0;156.9;0.0;0.0;0.33;7.9;9.14;1722095602.38;/home/zmr280;/var/scratch/zmr280/opencraft/opencraft.x86_64;5712;5712;5712;230649856;14632024;21245;32768;16129;194;0;0;6130089984;0;0;518060032;517652480;91836416;0;8192;517963776;6547668992;6130089984;0;0;517652480;91836416;8192;6547668992;0.7673594274398453;opencraft.x86_64;0;7868;4370;41;88;26697;1;running;None;5712;5712;5712;zmr280;4238136079;3070730782;18853733;19375908;0;0;0;0;0;0;0;0;0;0;0;0;605162812;40714394868;3455059;3094772;0;0;0;7;44747673;44747673;268437;268437;0;0;0;0;0;0;0;0;0;0;0;0;0;0;0;0;0;0;0;0;516959;6390961664;115;6352896;352176;6347793920;174552;5154365440;137673;2183349760;32969;1836597248;10331;965780992;141186;3314573312;203965;3196152320;20;3194880;27720092;545758090752;3799305;710214082560;1002;21362176;18614;3214086144;27518311;542511759360;3780663;706996838400;200680;3222478848;9;3158016;0;0;0;0;0.0;0.0;17555115.35;174724.11;0.0;48896.76;729.67;0.0;1965961.34;5844044.53;24.2;2.590375;1200.0;3200.0;169529138741;34757261743;14391367959;0
1722095620269.6987;3;153.2;0.0;0.0;0.33;8.44;10.18;1722095602.38;/home/zmr280;/var/scratch/zmr280/opencraft/opencraft.x86_64;5712;5712;5712;230649856;15645868;24461;32768;16129;194;0;0;6130089984;0;0;518060032;517652480;91836416;0;8192;517963776;6547668992;6130089984;0;0;517652480;91836416;8192;6547668992;0.7673594274398453;opencraft.x86_64;0;8025;5286;41;88;26697;1;running;None;5712;5712;5712;zmr280;4238144045;3070731647;18853768;19375917;0;0;0;0;0;0;0;0;0;0;0;0;605163024;40714395036;3455061;3094773;0;0;0;7;44747673;44747673;268437;268437;0;0;0;0;0;0;0;0;0;0;0;0;0;0;0;0;0;0;0;0;516959;6390961664;115;6352896;352176;6347793920;174552;5154365440;137673;2183349760;32969;1836597248;10331;965780992;141186;3314573312;203965;3196152320;20;3194880;27720092;545758090752;3799305;710214082560;1002;21362176;18614;3214086144;27518311;542511759360;3780663;706996838400;200680;3222478848;9;3158016;0;0;0;0;0.0;0.0;17555140.12;174724.11;0.0;48896.87;729.67;0.0;1965963.13;5844050.61;24.4;2.580281249999999;1200.0;3200.0;169529478456;34757306298;14391385863;0
1722095621300.6748;3;149.4;0.0;0.0;0.33;8.93;11.23;1722095602.38;/home/zmr280;/var/scratch/zmr280/opencraft/opencraft.x86_64;5712;5712;5712;230649856;16563876;27373;32768;16129;194;0;0;6136766464;0;0;526379008;525553664;91897856;0;8192;526282752;6554345472;6136766464;0;0;518578176;91897856;8192;6554345472;0.7687316637952925;opencraft.x86_64;0;8135;6218;41;88;26697;1;running;None;5712;5712;5712;zmr280;4238152474;3070732152;18853805;19375920;0;0;0;0;0;0;0;0;0;0;0;0;605163024;40714395036;3455061;3094773;0;0;0;7;44747673;44747673;268437;268437;0;0;0;0;0;0;0;0;0;0;0;0;0;0;0;0;0;0;0;0;516959;6390961664;115;6352896;352176;6347793920;174552;5154365440;137673;2183349760;32969;1836597248;10331;965780992;141186;3314573312;203965;3196152320;20;3194880;27720092;545758090752;3799305;710214082560;1002;21362176;18614;3214086144;27518311;542511759360;3780663;706996838400;200680;3222478848;9;3158016;0;0;0;0;0.0;0.0;17555164.92;174724.11;0.0;48896.98;729.67;0.0;1965964.99;5844056.67;24.5;2.6026874999999996;1200.0;3200.0;169529819180;34757351541;14391404099;0
1722095622331.3184;0;147.5;0.0;0.0;0.33;9.42;12.26;1722095602.38;/home/zmr280;/var/scratch/zmr280/opencraft/opencraft.x86_64;5712;5712;5712;230649856;17469274;30245;32768;16129;194;0;0;6136766464;0;0;519362560;519176192;91897856;0;8192;519266304;6554345472;6136766464;0;0;519176192;91897856;8192;6554345472;0.7696181527682805;opencraft.x86_64;0;8316;7194;41;88;26697;1;running;None;5712;5712;5712;zmr280;4238160957;3070733751;18853843;19375941;0;0;0;0;0;0;0;0;0;0;0;0;605163024;40714395036;3455061;3094773;0;0;0;7;44747673;44747673;268437;268437;0;0;0;0;0;0;0;0;0;0;0;0;0;0;0;0;0;0;0;0;516959;6390961664;115;6352896;352176;6347793920;174552;5154365440;137673;2183349760;32969;1836597248;10331;965780992;141186;3314573312;203965;3196152320;20;3194880;27720092;545758090752;3799305;710214082560;1002;21362176;18614;3214086144;27518311;542511759360;3780663;706996838400;200680;3222478848;9;3158016;0;0;0;0;0.0;0.0;17555189.66;174724.11;0.0;48897.08;729.67;0.0;1965966.79;5844062.69;24.2;2.6046562500000006;1200.0;3200.0;169530157739;34757397461;14391422670;0
1722095623361.8015;22;152.3;0.0;0.0;0.33;9.97;13.28;1722095602.38;/home/zmr280;/var/scratch/zmr280/opencraft/opencraft.x86_64;5712;5712;5712;230649856;18388543;33161;32768;16129;194;0;0;6136766464;0;0;519366656;519176192;91897856;0;8192;519270400;6554345472;6136766464;0;0;519176192;91897856;8192;6554345472;0.7696181527682805;opencraft.x86_64;0;8392;8170;41;88;26697;1;running;None;5712;5712;5712;zmr280;4238169384;3070735276;18853880;19375961;0;0;0;0;0;0;0;0;0;0;0;0;605170908;40714395396;3455065;3094775;0;0;0;7;44747673;44747673;268437;268437;0;0;0;0;0;0;0;0;0;0;0;0;0;0;0;0;0;0;0;0;516959;6390961664;115;6352896;352176;6347793920;174552;5154365440;137673;2183349760;32969;1836597248;10331;965780992;141186;3314573312;203965;3196152320;20;3194880;27720092;545758090752;3799305;710214082560;1002;21362176;18614;3214086144;27518311;542511759360;3780663;706996838400;200680;3222478848;9;3158016;0;0;0;0;0.0;0.0;17555214.09;174724.11;0.0;48897.17;729.67;0.0;1965968.6;5844068.9;24.9;2.5699687500000006;1200.0;3200.0;169530499774;34757441241;14391441129;0
1722095624392.6628;12;146.4;0.0;0.0;0.33;10.4;14.36;1722095602.38;/home/zmr280;/var/scratch/zmr280/opencraft/opencraft.x86_64;5712;5712;5712;231014400;19151448;35581;36864;16155;195;0;0;6136766464;0;0;519677952;519483392;92053504;0;8192;519581696;6554345472;6136766464;0;0;519483392;92053504;8192;6554345472;0.7700735409393359;opencraft.x86_64;0;8495;9010;41;88;26697;1;running;None;5712;5712;5712;zmr280;4238177581;3070736741;18853916;19375980;0;0;0;0;0;0;0;0;0;0;0;0;605178536;40714764356;3455093;3094800;0;0;0;7;44747673;44747673;268437;268437;0;0;0;0;0;0;0;0;0;0;0;0;0;0;0;0;0;0;0;0;516959;6390961664;115;6352896;352176;6347793920;174552;5154365440;137673;2183349760;32969;1836597248;10331;965780992;141186;3314573312;203965;3196152320;20;3194880;27720092;545758090752;3799305;710214082560;1002;21362176;18614;3214086144;27518311;542511759360;3780663;706996838400;200680;3222478848;9;3158016;0;0;0;0;0.0;0.0;17555238.67;174724.11;0.0;48897.31;729.67;0.0;1965970.34;5844075.24;25.1;2.600125;1200.0;3200.0;169530836254;34757483914;14391459715;0
1722095625424.281;7;147.6;0.0;0.0;0.33;10.89;15.39;1722095602.38;/home/zmr280;/var/scratch/zmr280/opencraft/opencraft.x86_64;5712;5712;5712;231014400;19996318;38261;36864;16155;195;0;0;6136766464;0;0;520153088;519962624;92053504;0;8192;520056832;6554345472;6136766464;0;0;519962624;92053504;8192;6554345472;0.7707839464861823;opencraft.x86_64;0;8658;9918;41;88;26697;1;running;None;5712;5712;5712;zmr280;4238185779;3070737786;18853952;19375992;0;0;0;0;0;0;0;0;0;0;0;0;605178592;40714764356;3455094;3094800;0;0;0;7;44747673;44747673;268437;268437;0;0;0;0;0;0;0;0;0;0;0;0;0;0;0;0;0;0;0;0;516959;6390961664;115;6352896;352176;6347793920;174552;5154365440;137673;2183349760;32969;1836597248;10331;965780992;141186;3314573312;203965;3196152320;20;3194880;27720092;545758090752;3799305;710214082560;1002;21362176;18614;3214086144;27518311;542511759360;3780663;706996838400;200680;3222478848;9;3158016;0;0;0;0;0.0;0.0;17555263.35;174724.11;0.0;48897.4;729.67;0.0;1965972.08;5844081.39;24.4;2.6020624999999993;1200.0;3200.0;169531171745;34757528409;14391478533;0
1722095626453.8066;1;156.1;0.0;0.0;0.33;11.42;16.48;1722095602.38;/home/zmr280;/var/scratch/zmr280/opencraft/opencraft.x86_64;5712;5712;5712;231014400;20826056;40893;40960;16384;199;0;0;6472310784;0;0;536614912;535822336;92258304;0;8192;536518656;6889889792;6539419648;0;0;542343168;92258304;8192;6956998656;0.8039604927081424;opencraft.x86_64;0;8810;10794;41;88;26697;1;running;None;5712;5712;5712;zmr280;4238213600;3070740675;18854013;19376025;0;0;0;0;0;0;0;0;0;0;0;0;605182448;40714764548;3455096;3094801;0;0;0;7;44747673;44747673;268437;268437;0;0;0;0;0;0;0;0;0;0;0;0;0;0;0;0;0;0;0;0;516959;6390961664;115;6352896;352176;6347793920;174553;5154373632;137673;2183349760;32969;1836597248;10331;965780992;141187;3314581504;203965;3196152320;20;3194880;27720092;545758090752;3799305;710214082560;1002;21362176;18614;3214086144;27518311;542511759360;3780663;706996838400;200680;3222478848;9;3158016;0;0;0;0;0.0;0.0;17555288.27;174724.12;0.0;48897.49;729.67;0.0;1965973.85;5844087.31;23.8;2.3972812500000003;1200.0;3200.0;169531505218;34757573000;14391496361;0
1722095627492.3489;0;198.6;0.0;0.0;0.33;11.97;17.98;1722095602.38;/home/zmr280;/var/scratch/zmr280/opencraft/opencraft.x86_64;5712;5712;5712;231014400;21612920;43389;40960;16384;199;0;0;7143399424;0;0;680900608;680026112;92364800;0;8192;680804352;7560978432;7143399424;0;0;680026112;92364800;8192;7560978432;1.0080593991329168;opencraft.x86_64;0;8861;11713;41;88;26697;1;running;None;5712;5712;5712;zmr280;4238591772;3070751844;18854351;19376112;0;0;0;0;0;0;0;0;0;0;0;0;605182448;40714764548;3455096;3094801;0;0;0;7;44747673;44747673;268437;268437;0;0;0;0;0;0;0;0;0;0;0;0;0;0;0;0;0;0;0;0;516959;6390961664;115;6352896;352176;6347793920;174553;5154373632;137673;2183349760;32969;1836597248;10331;965780992;141187;3314581504;203965;3196152320;20;3194880;27720092;545758090752;3799305;710214082560;1002;21362176;18614;3214086144;27518311;542511759360;3780663;706996838400;200680;3222478848;9;3158016;0;0;0;0;0.0;0.0;17555312.56;174724.12;0.0;48897.6;729.67;0.0;1965975.71;5844093.96;26.2;2.5978124999999994;1200.0;3200.0;169531845320;34757618588;14391515957;0
1722095628523.679;16;199.6;0.0;0.0;0.33;12.46;19.55;1722095602.38;/home/zmr280;/var/scratch/zmr280/opencraft/opencraft.x86_64;5712;5712;5712;231014400;22252247;45417;40960;16384;199;0;0;7680270336;0;0;829990912;829415424;92454912;0;8192;829894656;8097849344;7680270336;0;0;829444096;92463104;8192;8097849344;1.2295541336920093;opencraft.x86_64;0;8990;12781;41;88;26697;1;running;None;5712;5712;5712;zmr280;4239018439;3070762643;18854725;19376191;0;0;0;0;0;0;0;0;0;0;0;0;605191296;40714764740;3455098;3094802;0;0;0;7;44747673;44747673;268437;268437;0;0;0;0;0;0;0;0;0;0;0;0;0;0;0;0;0;0;0;0;516959;6390961664;115;6352896;352176;6347793920;174553;5154373632;137673;2183349760;32969;1836597248;10331;965780992;141187;3314581504;203965;3196152320;20;3194880;27720092;545758090752;3799305;710214082560;1002;21362176;18614;3214086144;27518311;542511759360;3780663;706996838400;200680;3222478848;9;3158016;0;0;0;0;0.0;0.0;17555336.97;174724.12;0.0;48897.68;729.67;0.0;1965977.52;5844100.7;26.1;2.6029687499999996;1200.0;3200.0;169532190717;34757665329;14391535930;0
1722095629555.849;4;172.5;0.0;0.0;0.33;13.01;20.78;1722095602.38;/home/zmr280;/var/scratch/zmr280/opencraft/opencraft.x86_64;5712;5712;5712;231014400;22674682;46757;45056;16639;204;0;0;7948967936;0;0;866584576;863969280;92467200;0;8192;866488320;8366546944;7948967936;0;0;866066432;92467200;8192;8366546944;1.2838424755241;opencraft.x86_64;0;9105;13774;41;88;26697;1;running;None;5712;5712;5712;zmr280;4239136176;3070775607;18854894;19376286;0;0;0;0;0;0;0;0;0;0;0;0;605195408;40714764932;3455100;3094803;0;0;0;7;44747673;44747673;268437;268437;0;0;0;0;0;0;0;0;0;0;0;0;0;0;0;0;0;0;0;0;516959;6390961664;115;6352896;352176;6347793920;174553;5154373632;137673;2183349760;32969;1836597248;10331;965780992;141187;3314581504;203965;3196152320;20;3194880;27720092;545758090752;3799305;710214082560;1002;21362176;18614;3214086144;27518311;542511759360;3780663;706996838400;200680;3222478848;9;3158016;0;0;0;0;0.0;0.0;17555361.48;174724.12;0.0;48897.77;729.67;0.0;1965979.33;5844106.92;24.9;2.6016875;1200.0;3200.0;169532528712;34757710503;14391554855;0
1722095630587.9219;2;188.6;0.0;0.0;0.33;13.55;22.19;1722095602.38;/home/zmr280;/var/scratch/zmr280/opencraft/opencraft.x86_64;5712;5712;5712;231014400;23064331;47993;45056;16639;204;0;0;8083185664;0;0;1000851456;1000476672;92467200;0;8192;1000755200;8500764672;8083185664;0;0;1000476672;92467200;8192;8500764672;1.4830899799665636;opencraft.x86_64;0;9232;14742;41;88;26697;1;running;None;5712;5712;5712;zmr280;4239509680;3070795799;18855291;19376430;0;0;0;0;0;0;0;0;0;0;0;0;605195408;40714764932;3455100;3094803;0;0;0;7;44747673;44747673;268437;268437;0;0;0;0;0;0;0;0;0;0;0;0;0;0;0;0;0;0;0;0;516959;6390961664;115;6352896;352176;6347793920;174553;5154373632;137673;2183349760;32969;1836597248;10331;965780992;141187;3314581504;203965;3196152320;20;3194880;27720092;545758090752;3799305;710214082560;1002;21362176;18614;3214086144;27518311;542511759360;3780663;706996838400;200680;3222478848;9;3158016;0;0;0;0;0.0;0.0;17555385.93;174724.12;0.0;48897.87;729.67;0.0;1965981.1;5844113.18;25.0;2.593531250000001;1200.0;3200.0;169532866105;34757756255;14391573536;0
1722095631621.7415;5;190.0;0.0;0.0;0.33;14.11;23.59;1722095602.38;/home/zmr280;/var/scratch/zmr280/opencraft/opencraft.x86_64;5712;5712;5712;231014400;23519552;49437;45056;16639;204;0;0;8351621120;0;0;1140586496;1140350976;92471296;0;8192;1140490240;8769200128;8351621120;0;0;1140350976;92471296;8192;8769200128;1.6904373220115332;opencraft.x86_64;0;9361;15893;41;88;26697;1;running;None;5712;5712;5712;zmr280;4239888234;3070816127;18855693;19376576;0;0;0;0;0;0;0;0;0;0;0;0;605195408;40714764932;3455100;3094803;0;0;0;7;44747673;44747673;268437;268437;0;0;0;0;0;0;0;0;0;0;0;0;0;0;0;0;0;0;0;0;516959;6390961664;115;6352896;352176;6347793920;174556;5154385920;137673;2183349760;32971;1836605440;10331;965780992;141188;3314585600;203965;3196152320;20;3194880;27720092;545758090752;3799305;710214082560;1002;21362176;18614;3214086144;27518311;542511759360;3780663;706996838400;200680;3222478848;9;3158016;0;0;0;0;0.0;0.0;17555410.28;174724.12;0.0;48897.95;729.67;0.0;1965982.91;5844119.61;25.5;2.6029999999999998;1200.0;3200.0;169533212912;34757803457;14391593174;0
1722095632653.2744;8;178.4;0.0;0.0;0.33;14.57;24.98;1722095602.38;/home/zmr280;/var/scratch/zmr280/opencraft/opencraft.x86_64;5712;5712;5712;231014400;23945770;50789;53248;16894;209;0;0;8687165440;0;0;1211906048;1212108800;92475392;0;8192;1211809792;9104744448;8687165440;0;0;1214205952;92475392;8192;9104744448;1.7999187101755454;opencraft.x86_64;0;9550;16927;41;88;26697;1;running;None;5712;5712;5712;zmr280;4240097709;3070841389;18855993;19376760;0;0;0;0;0;0;0;0;0;0;0;0;605200092;40714765468;3455104;3094806;0;0;0;7;44747673;44747673;268437;268437;0;0;0;0;0;0;0;0;0;0;0;0;0;0;0;0;0;0;0;0;516959;6390961664;115;6352896;352176;6347793920;174556;5154385920;137673;2183349760;32971;1836605440;10331;965780992;141188;3314585600;203965;3196152320;20;3194880;27720092;545758090752;3799305;710214082560;1002;21362176;18614;3214086144;27518311;542511759360;3780663;706996838400;200680;3222478848;9;3158016;0;0;0;0;0.0;0.0;17555434.93;174724.12;0.0;48898.05;729.67;0.0;1965984.78;5844125.91;25.1;2.5747500000000008;1200.0;3200.0;169533557381;34757850781;14391612712;0
1722095633690.5562;31;185.5;0.0;0.0;0.33;15.0;26.47;1722095602.38;/home/zmr280;/var/scratch/zmr280/opencraft/opencraft.x86_64;5712;5712;5712;231014400;24279935;51849;53248;16894;209;0;0;8955600896;0;0;1373829120;1374085120;92475392;0;8192;1373732864;9373179904;8955600896;0;0;1374085120;92475392;8192;9373179904;2.0369209299196465;opencraft.x86_64;0;9706;17732;41;88;26697;1;running;None;5712;5712;5712;zmr280;4240519913;3070870404;18856480;19376959;0;0;0;0;0;0;0;0;0;0;0;0;605207500;40714767236;3455117;3094816;0;0;0;7;44747673;44747673;268437;268437;0;0;0;0;0;0;0;0;0;0;0;0;0;0;0;0;0;0;0;0;516959;6390961664;115;6352896;352176;6347793920;174556;5154385920;137673;2183349760;32971;1836605440;10331;965780992;141188;3314585600;203965;3196152320;20;3194880;27720092;545758090752;3799305;710214082560;1002;21362176;18614;3214086144;27518311;542511759360;3780663;706996838400;200680;3222478848;9;3158016;0;0;0;0;0.0;0.0;17555459.49;174724.12;0.0;48898.14;729.67;0.0;1965986.6;5844132.47;25.7;2.60078125;1200.0;3200.0;169533893840;34757899575;14391632179;0
1722095634725.0823;8;179.0;0.0;0.0;0.33;15.47;27.87;1722095602.38;/home/zmr280;/var/scratch/zmr280/opencraft/opencraft.x86_64;5712;5712;5712;231014400;24617883;52921;53248;16894;209;0;0;8955600896;0;0;1449330688;1449582592;92475392;0;8192;1449234432;9373179904;8955600896;0;0;1449582592;92475392;8192;9373179904;2.148837126838235;opencraft.x86_64;0;9859;18587;41;88;26697;1;running;None;5712;5712;5712;zmr280;4240787693;3070899625;18856869;19377167;0;0;0;0;0;0;0;0;0;0;0;0;605207556;40714767236;3455118;3094816;0;0;0;7;44747673;44747673;268437;268437;0;0;0;0;0;0;0;0;0;0;0;0;0;0;0;0;0;0;0;0;516959;6390961664;115;6352896;352176;6347793920;174556;5154385920;137673;2183349760;32971;1836605440;10331;965780992;141188;3314585600;203965;3196152320;20;3194880;27720092;545758090752;3799305;710214082560;1002;21362176;18614;3214086144;27518311;542511759360;3780663;706996838400;200680;3222478848;9;3158016;0;0;0;0;0.0;0.0;17555483.94;174724.12;0.0;48898.23;729.67;0.0;1965988.5;5844139.14;26.1;2.240406250000001;1200.0;3200.0;169534233965;34757947090;14391652656;0
1722095635770.9092;2;193.8;0.0;0.0;0.33;16.0;29.35;1722095602.38;/home/zmr280;/var/scratch/zmr280/opencraft/opencraft.x86_64;5712;5712;5712;231014400;24972224;54045;57344;17123;213;0;0;9224036352;0;0;1552091136;1544007680;92475392;0;8192;1551994880;9641615360;9224036352;0;0;1560784896;92475392;8192;9641615360;2.313681572918029;opencraft.x86_64;0;9957;19510;41;88;26697;1;running;None;5712;5712;5712;zmr280;4241054189;3070935352;18857290;19377425;0;0;0;0;0;0;0;0;0;0;0;0;605208212;40714767596;3455121;3094818;0;0;0;7;44747673;44747673;268437;268437;0;0;0;0;0;0;0;0;0;0;0;0;0;0;0;0;0;0;0;0;516959;6390961664;115;6352896;352176;6347793920;174556;5154385920;137673;2183349760;32971;1836605440;10331;965780992;141188;3314585600;203965;3196152320;20;3194880;27720092;545758090752;3799305;710214082560;1002;21362176;18614;3214086144;27518311;542511759360;3780663;706996838400;200680;3222478848;9;3158016;0;0;0;0;0.0;0.0;17555507.76;174724.12;0.0;48898.3;729.67;0.0;1965990.41;5844146.07;27.3;2.4997187499999995;1200.0;3200.0;169534563958;34757992904;14391673370;0
1722095636807.3303;2;199.9;0.0;0.0;0.33;16.52;30.9;1722095602.38;/home/zmr280;/var/scratch/zmr280/opencraft/opencraft.x86_64;5712;5712;5712;231014400;25364395;55289;61440;17149;214;0;0;9224036352;0;0;1688401920;1688707072;92475392;0;8192;1688305664;9641615360;9224036352;0;0;1690804224;92475392;8192;9641615360;2.5064200624355397;opencraft.x86_64;0;10030;20534;41;88;26697;1;running;None;5712;5712;5712;zmr280;4241437126;3070973269;18857779;19377679;0;0;0;0;0;0;0;0;0;0;0;0;605210664;40714769804;3455136;3094831;0;0;0;7;44747673;44747673;268437;268437;0;0;0;0;0;0;0;0;0;0;0;0;0;0;0;0;0;0;0;0;516959;6390961664;115;6352896;352176;6347793920;174557;5154390016;137673;2183349760;32971;1836605440;10331;965780992;141189;3314589696;203965;3196152320;20;3194880;27720092;545758090752;3799306;710214086656;1002;21362176;18615;3214090240;27518311;542511759360;3780663;706996838400;200680;3222478848;9;3158016;0;0;0;0;0.0;0.0;17555531.98;174724.12;0.0;48898.41;729.68;0.0;1965992.33;5844152.84;26.6;2.5886874999999994;1200.0;3200.0;169534900592;34758037721;14391694225;0
1722095637842.17;20;184.7;0.0;0.0;0.33;17.06;32.27;1722095602.38;/home/zmr280;/var/scratch/zmr280/opencraft/opencraft.x86_64;5712;5712;5712;231014400;25800701;56673;61440;17149;214;0;0;9492471808;0;0;1772288000;1772593152;92475392;0;8192;1772191744;9910050816;9492471808;0;0;1772593152;92475392;8192;9910050816;2.627662609097344;opencraft.x86_64;0;10086;21600;41;88;26697;1;running;None;5712;5712;5712;zmr280;4241758149;3071012138;18858258;19377950;0;0;0;0;0;0;0;0;0;0;0;0;605210720;40714769804;3455137;3094831;0;0;0;7;44747673;44747673;268437;268437;0;0;0;0;0;0;0;0;0;0;0;0;0;0;0;0;0;0;0;0;516959;6390961664;115;6352896;352176;6347793920;174557;5154390016;137673;2183349760;32971;1836605440;10331;965780992;141189;3314589696;203965;3196152320;20;3194880;27720092;545758090752;3799306;710214086656;1002;21362176;18615;3214090240;27518311;542511759360;3780663;706996838400;200680;3222478848;9;3158016;0;0;0;0;0.0;0.0;17555556.38;174724.12;0.0;48898.5;729.68;0.0;1965994.1;5844159.17;25.1;2.6011875000000004;1200.0;3200.0;169535240723;34758081866;14391713500;0
1722095638876.329;2;187.5;0.0;0.0;0.33;17.55;33.73;1722095602.38;/home/zmr280;/var/scratch/zmr280/opencraft/opencraft.x86_64;5712;5712;5712;231014400;26158825;57809;65536;17378;218;0;0;9760907264;0;0;1877862400;1878167552;92475392;0;8192;1877766144;10178486272;9760907264;0;0;1886552064;92475392;8192;10178486272;2.7965934050320755;opencraft.x86_64;0;10231;22490;41;88;26697;1;running;None;5712;5712;5712;zmr280;4242041693;3071056731;18858753;19378261;0;0;0;0;0;0;0;0;0;0;0;0;605218836;40714770424;3455143;3094835;0;0;0;7;44747673;44747673;268437;268437;0;0;0;0;0;0;0;0;0;0;0;0;0;0;0;0;0;0;0;0;516959;6390961664;115;6352896;352176;6347793920;174557;5154390016;137673;2183349760;32971;1836605440;10331;965780992;141189;3314589696;203965;3196152320;20;3194880;27720092;545758090752;3799306;710214086656;1002;21362176;18615;3214090240;27518311;542511759360;3780663;706996838400;200680;3222478848;9;3158016;0;0;0;0;0.0;0.0;17555580.44;174724.12;0.0;48898.58;729.68;0.0;1965995.95;5844165.99;26.7;2.354156250000001;1200.0;3200.0;169535574688;34758127656;14391734619;0
1722095639917.1763;14;190.5;0.0;0.0;0.33;18.04;35.21;1722095602.38;/home/zmr280;/var/scratch/zmr280/opencraft/opencraft.x86_64;5712;5712;5712;231014400;26524515;58969;65536;17378;218;0;0;9771094016;0;0;2009200640;2009554944;92475392;0;8192;2009104384;10188673024;9771094016;0;0;2009554944;92475392;8192;10188673024;2.97893082872268;opencraft.x86_64;0;10356;23419;41;88;26697;1;running;None;5712;5712;5712;zmr280;4242449335;3071104962;18859342;19378589;0;0;0;0;0;0;0;0;0;0;0;0;605218836;40714770424;3455143;3094835;0;0;0;7;44747673;44747673;268437;268437;0;0;0;0;0;0;0;0;0;0;0;0;0;0;0;0;0;0;0;0;516959;6390961664;115;6352896;352176;6347793920;174557;5154390016;137673;2183349760;32971;1836605440;10331;965780992;141189;3314589696;203965;3196152320;20;3194880;27720092;545758090752;3799306;710214086656;1002;21362176;18615;3214090240;27518311;542511759360;3780663;706996838400;200680;3222478848;9;3158016;0;0;0;0;0.0;0.0;17555604.68;174724.12;0.0;48898.68;729.68;0.0;1965997.72;5844172.45;25.6;2.513000000000001;1200.0;3200.0;169535914075;34758174317;14391754631;0
1722095640950.8088;8;188.0;0.0;0.0;0.33;18.47;36.72;1722095602.38;/home/zmr280;/var/scratch/zmr280/opencraft/opencraft.x86_64;5712;5712;5712;231014400;26873812;60077;69632;17404;219;0;0;10039529472;0;0;2082998272;2083348480;92475392;0;8192;2082902016;10457108480;10039529472;0;0;2083348480;92475392;8192;10457108480;3.0883211392524808;opencraft.x86_64;0;10565;24293;41;88;26697;1;running;None;5712;5712;5712;zmr280;4242766606;3071190055;18859951;19379094;0;0;0;0;0;0;0;0;0;0;0;0;605220288;40714771204;3455151;3094840;0;0;0;7;44748429;44748429;268442;268442;0;0;0;0;0;0;0;0;0;0;0;0;0;0;0;0;0;0;0;0;516959;6390961664;115;6352896;352177;6347798016;174557;5154390016;137673;2183349760;32971;1836605440;10331;965780992;141189;3314589696;203966;3196156416;20;3194880;27720092;545758090752;3799306;710214086656;1002;21362176;18615;3214090240;27518311;542511759360;3780663;706996838400;200680;3222478848;9;3158016;0;0;0;0;0.0;0.0;17555628.14;174724.56;0.0;48898.77;729.68;0.0;1965999.69;5844179.15;26.8;2.557562499999999;1200.0;3200.0;169536255405;34758223193;14391780343;0
1722095641982.7935;11;172.4;0.0;0.0;0.33;18.98;37.99;1722095602.38;/home/zmr280;/var/scratch/zmr280/opencraft/opencraft.x86_64;5712;5712;5712;231014400;27225631;61193;73728;17633;223;0;0;10039529472;0;0;2158491648;2158845952;92475392;0;8192;2158395392;10457108480;10039529472;0;0;2158845952;92475392;8192;10457108480;3.2002373361710696;opencraft.x86_64;0;10665;25123;41;88;26697;1;running;None;5712;5712;5712;zmr280;4242981971;3071246733;18860437;19379528;0;0;0;0;0;0;0;0;0;0;0;0;605221296;40714771396;3455153;3094841;0;0;0;7;44748429;44748429;268442;268442;0;0;0;0;0;0;0;0;0;0;0;0;0;0;0;0;0;0;0;0;516959;6390961664;115;6352896;352177;6347798016;174557;5154390016;137673;2183349760;32971;1836605440;10331;965780992;141189;3314589696;203966;3196156416;20;3194880;27720092;545758090752;3799306;710214086656;1002;21362176;18615;3214090240;27518311;542511759360;3780663;706996838400;200680;3222478848;9;3158016;0;0;0;0;0.0;0.0;17555652.67;174724.56;0.0;48898.84;729.69;0.0;1966001.5;5844185.42;25.0;2.6035624999999993;1200.0;3200.0;169536595775;34758270575;14391799512;0
1722095643015.434;14;187.0;0.0;0.0;0.33;19.5;39.4;1722095602.38;/home/zmr280;/var/scratch/zmr280/opencraft/opencraft.x86_64;5712;5712;5712;231014400;27583755;62329;73728;17633;223;0;0;10307964928;0;0;2313684992;2314035200;92475392;0;8192;2313588736;10725543936;10307964928;0;0;2316132352;92475392;8192;10725543936;3.433396079751463;opencraft.x86_64;0;10800;26039;41;88;26697;1;running;None;5712;5712;5712;zmr280;4243416292;3071308350;18861110;19379989;0;0;0;0;0;0;0;0;0;0;0;0;605221296;40714771396;3455153;3094841;0;0;0;7;44748429;44748429;268442;268442;0;0;0;0;0;0;0;0;0;0;0;0;0;0;0;0;0;0;0;0;516959;6390961664;115;6352896;352177;6347798016;174557;5154390016;137673;2183349760;32971;1836605440;10331;965780992;141189;3314589696;203966;3196156416;20;3194880;27720092;545758090752;3799306;710214086656;1002;21362176;18615;3214090240;27518311;542511759360;3780663;706996838400;200680;3222478848;9;3158016;0;0;0;0;0.0;0.0;17555677.02;174724.56;0.0;48898.93;729.69;0.0;1966003.25;5844191.83;25.3;2.6036875;1200.0;3200.0;169536935109;34758318134;14391819420;0
1722095644047.344;10;193.6;0.0;0.0;0.33;20.05;40.85;1722095602.38;/home/zmr280;/var/scratch/zmr280/opencraft/opencraft.x86_64;5712;5712;5712;231014400;27926747;63417;77824;17888;228;0;0;10576400384;0;0;2442024960;2442379264;92475392;0;8192;2441928704;10993979392;10576400384;0;0;2444476416;92475392;8192;10993979392;3.6236511857761506;opencraft.x86_64;0;10932;26888;41;88;26697;1;running;None;5712;5712;5712;zmr280;4243816211;3071366921;18861707;19380395;0;0;0;0;0;0;0;0;0;0;0;0;605231396;40714772308;3455160;3094846;0;0;0;7;44748429;44748429;268442;268442;0;0;0;0;0;0;0;0;0;0;0;0;0;0;0;0;0;0;0;0;516959;6390961664;115;6352896;352177;6347798016;174557;5154390016;137673;2183349760;32971;1836605440;10331;965780992;141189;3314589696;203966;3196156416;20;3194880;27720092;545758090752;3799306;710214086656;1002;21362176;18615;3214090240;27518311;542511759360;3780663;706996838400;200680;3222478848;9;3158016;0;0;0;0;0.0;0.0;17555701.3;174724.56;0.0;48899.02;729.69;0.0;1966005.08;5844198.2;25.5;2.6033124999999995;1200.0;3200.0;169537277106;34758366411;14391838912;0
1722095645080.3071;1;189.7;0.0;0.0;0.33;20.63;42.23;1722095602.38;/home/zmr280;/var/scratch/zmr280/opencraft/opencraft.x86_64;5712;5712;5712;231014400;28302525;64609;77824;17888;228;0;0;10844835840;0;0;2599315456;2599665664;92475392;0;8192;2599219200;11262414848;10844835840;0;0;2599665664;92475392;8192;11262414848;3.853701146108805;opencraft.x86_64;0;11057;27785;41;88;26697;1;running;None;5712;5712;5712;zmr280;4244234461;3071438311;18862419;19380919;0;0;0;0;0;0;0;0;0;0;0;0;605232148;40714773012;3455166;3094850;0;0;0;7;44748429;44748429;268442;268442;0;0;0;0;0;0;0;0;0;0;0;0;0;0;0;0;0;0;0;0;516959;6390961664;115;6352896;352177;6347798016;174557;5154390016;137673;2183349760;32971;1836605440;10331;965780992;141189;3314589696;203966;3196156416;20;3194880;27720092;545758090752;3799306;710214086656;1002;21362176;18615;3214090240;27518311;542511759360;3780663;706996838400;200680;3222478848;9;3158016;0;0;0;0;0.0;0.0;17555725.69;174724.56;0.0;48899.12;729.69;0.0;1966006.9;5844204.85;26.0;2.6016874999999993;1200.0;3200.0;169537619656;34758413387;14391859356;0
1722095646113.2898;2;190.8;0.0;0.0;0.33;21.1;43.73;1722095602.38;/home/zmr280;/var/scratch/zmr280/opencraft/opencraft.x86_64;5712;5712;5712;231014400;28693435;65849;77824;17888;228;0;0;11113271296;0;0;2735626240;2735980544;92475392;0;8192;2735529984;11530850304;11113271296;0;0;2735980544;92475392;8192;11530850304;4.055772057211812;opencraft.x86_64;0;11156;28698;41;88;26697;1;running;None;5712;5712;5712;zmr280;4244674884;3071510344;18863150;19381459;0;0;0;0;0;0;0;0;0;0;0;0;605232204;40714773012;3455167;3094850;0;0;0;7;44748429;44748429;268442;268442;0;0;0;0;0;0;0;0;0;0;0;0;0;0;0;0;0;0;0;0;516959;6390961664;115;6352896;352177;6347798016;174557;5154390016;137673;2183349760;32971;1836605440;10331;965780992;141189;3314589696;203966;3196156416;20;3194880;27720092;545758090752;3799306;710214086656;1002;21362176;18615;3214090240;27518311;542511759360;3780663;706996838400;200680;3222478848;9;3158016;0;0;0;0;0.0;0.0;17555750.1;174724.56;0.0;48899.2;729.69;0.0;1966008.67;5844211.38;25.6;2.5755624999999993;1200.0;3200.0;169537963711;34758460252;14391879562;0
1722095647145.9946;2;174.2;0.0;0.0;0.33;21.56;45.07;1722095602.38;/home/zmr280;/var/scratch/zmr280/opencraft/opencraft.x86_64;5712;5712;5712;231014400;29079301;67073;81920;18117;232;0;0;11113271296;0;0;2769180672;2769534976;92475392;0;8192;2769084416;11530850304;11113271296;0;0;2771632128;92475392;8192;11530850304;4.108621372423368;opencraft.x86_64;0;11243;29600;41;88;26697;1;running;None;5712;5712;5712;zmr280;4244841191;3071580183;18863710;19381956;0;0;0;0;0;0;0;0;0;0;0;0;605233696;40714773204;3455169;3094851;0;0;0;7;44748429;44748429;268442;268442;0;0;0;0;0;0;0;0;0;0;0;0;0;0;0;0;0;0;0;0;516959;6390961664;115;6352896;352177;6347798016;174557;5154390016;137673;2183349760;32971;1836605440;10331;965780992;141189;3314589696;203966;3196156416;20;3194880;27720092;545758090752;3799306;710214086656;1002;21362176;18615;3214090240;27518311;542511759360;3780663;706996838400;200680;3222478848;9;3158016;0;0;0;0;0.0;0.0;17555774.63;174724.57;0.0;48899.32;729.69;0.0;1966010.55;5844217.86;25.7;2.6028749999999996;1200.0;3200.0;169538303468;34758506989;14391900060;0
1722095648179.2952;22;198.4;0.0;0.0;0.33;21.99;46.69;1722095602.38;/home/zmr280;/var/scratch/zmr280/opencraft/opencraft.x86_64;5712;5712;5712;231014400;29444991;68233;86016;18143;233;0;0;11113271296;0;0;2922686464;2923040768;92475392;0;8192;2922590208;11530850304;11113271296;0;0;2925137920;92475392;8192;11530850304;4.336175805578639;opencraft.x86_64;0;11338;30488;41;88;26697;1;running;None;5712;5712;5712;zmr280;4245302618;3071658127;18864429;19382485;0;0;0;0;0;0;0;0;0;0;0;0;605235216;40714773396;3455171;3094852;0;0;0;7;44748429;44748429;268442;268442;0;0;0;0;0;0;0;0;0;0;0;0;0;0;0;0;0;0;0;0;516959;6390961664;115;6352896;352177;6347798016;174557;5154390016;137673;2183349760;32971;1836605440;10331;965780992;141189;3314589696;203966;3196156416;20;3194880;27720092;545758090752;3799306;710214086656;1002;21362176;18615;3214090240;27518311;542511759360;3780663;706996838400;200680;3222478848;9;3158016;0;0;0;0;0.0;0.0;17555799.06;174724.57;0.0;48899.4;729.69;0.0;1966012.27;5844224.37;25.4;2.6016562499999996;1200.0;3200.0;169538638557;34758553621;14391920119;0
1722095649212.3547;19;192.1;0.0;0.0;0.33;22.51;48.19;1722095602.38;/home/zmr280;/var/scratch/zmr280/opencraft/opencraft.x86_64;5712;5712;5712;231014400;29823291;69433;86016;18143;233;0;0;11381706752;0;0;3069487104;3069841408;92475392;0;8192;3069390848;11799285760;11381706752;0;0;3078230016;92475392;8192;11799285760;4.563116982663554;opencraft.x86_64;0;11415;31391;41;88;26697;1;running;None;5712;5712;5712;zmr280;4245771935;3071736280;18865242;19383017;0;0;0;0;0;0;0;0;0;0;0;0;605244800;40714773588;3455173;3094853;0;0;0;7;44748429;44748429;268442;268442;0;0;0;0;0;0;0;0;0;0;0;0;0;0;0;0;0;0;0;0;516959;6390961664;115;6352896;352177;6347798016;174557;5154390016;137673;2183349760;32971;1836605440;10331;965780992;141189;3314589696;203966;3196156416;20;3194880;27720092;545758090752;3799306;710214086656;1002;21362176;18615;3214090240;27518311;542511759360;3780663;706996838400;200680;3222478848;9;3158016;0;0;0;0;0.0;0.0;17555824.09;174724.57;0.0;48899.49;729.69;0.0;1966014.05;5844230.78;24.9;2.6062812499999994;1200.0;3200.0;169538976271;34758601516;14391939660;0
1722095650266.0596;7;172.9;0.0;0.0;0.33;23.02;49.48;1722095602.38;/home/zmr280;/var/scratch/zmr280/opencraft/opencraft.x86_64;5712;5712;5712;231014400;30210418;70661;90112;18196;234;0;0;11381706752;0;0;3088361472;3088715776;92475392;0;8192;3088265216;11799285760;11381706752;0;0;3088715776;92475392;8192;11799285760;4.578660898902247;opencraft.x86_64;0;11484;32311;41;88;26697;1;running;None;5712;5712;5712;zmr280;4245874302;3071813105;18865811;19383537;0;0;0;0;0;0;0;0;0;0;0;0;605246372;40714773780;3455175;3094854;0;0;0;7;44748429;44748429;268442;268442;0;0;0;0;0;0;0;0;0;0;0;0;0;0;0;0;0;0;0;0;516959;6390961664;115;6352896;352177;6347798016;174557;5154390016;137673;2183349760;32971;1836605440;10331;965780992;141189;3314589696;203966;3196156416;20;3194880;27720092;545758090752;3799306;710214086656;1002;21362176;18615;3214090240;27518311;542511759360;3780663;706996838400;200680;3222478848;9;3158016;0;0;0;0;0.0;0.0;17555848.94;174724.57;0.0;48899.59;729.7;0.0;1966015.87;5844236.98;24.7;2.60425;1200.0;3200.0;169539307129;34758648676;14391958864;0
1722095651305.1458;10;186.8;0.0;0.0;0.33;23.52;50.91;1722095602.38;/home/zmr280;/var/scratch/zmr280/opencraft/opencraft.x86_64;5712;5712;5712;231014400;30576108;71821;94208;18372;237;0;0;11650142208;0;0;3226937344;3227291648;92475392;0;8192;3226841088;12067721216;11650142208;0;0;3227291648;92475392;8192;12067721216;4.784083466944223;opencraft.x86_64;0;11618;33212;41;88;26697;1;running;None;5712;5712;5712;zmr280;4246302256;3071898076;18866639;19384114;0;0;0;0;0;0;0;0;0;0;0;0;605248120;40714773972;3455177;3094855;0;0;0;7;44748429;44748429;268442;268442;0;0;0;0;0;0;0;0;0;0;0;0;0;0;0;0;0;0;0;0;516959;6390961664;115;6352896;352177;6347798016;174557;5154390016;137673;2183349760;32971;1836605440;10331;965780992;141189;3314589696;203966;3196156416;20;3194880;27720092;545758090752;3799306;710214086656;1002;21362176;18615;3214090240;27518311;542511759360;3780663;706996838400;200680;3222478848;9;3158016;0;0;0;0;0.0;0.0;17555873.39;174724.57;0.0;48899.67;729.7;0.0;1966017.59;5844243.45;25.3;2.60134375;1200.0;3200.0;169539646578;34758695718;14391978830;0
1722095652338.246;0;209.1;0.0;0.0;0.33;24.0;52.63;1722095602.38;/home/zmr280;/var/scratch/zmr280/opencraft/opencraft.x86_64;5712;5712;5712;231014400;30919100;72909;98304;18398;238;0;0;11918577664;0;0;3411601408;3411947520;92475392;0;8192;3411505152;12336156672;11918577664;0;0;3411947520;92475392;8192;12336156672;5.057814260644516;opencraft.x86_64;0;11696;34070;41;88;26697;1;running;None;5712;5712;5712;zmr280;4246767288;3071984908;18867405;19384691;0;0;0;0;0;0;0;0;0;0;0;0;605249896;40714774164;3455179;3094856;0;0;0;7;44748429;44748429;268442;268442;0;0;0;0;0;0;0;0;0;0;0;0;0;0;0;0;0;0;0;0;516959;6390961664;115;6352896;352177;6347798016;174557;5154390016;137673;2183349760;32971;1836605440;10331;965780992;141189;3314589696;203966;3196156416;20;3194880;27720092;545758090752;3799306;710214086656;1002;21362176;18615;3214090240;27518311;542511759360;3780663;706996838400;200680;3222478848;9;3158016;0;0;0;0;0.0;0.0;17555897.96;174724.57;0.0;48899.76;729.7;0.0;1966019.36;5844250.53;26.7;2.6068124999999998;1200.0;3200.0;169539989000;34758744121;14392000166;0
1722095653392.488;3;184.1;0.0;0.0;0.33;24.45;54.11;1722095602.38;/home/zmr280;/var/scratch/zmr280/opencraft/opencraft.x86_64;5712;5712;5712;231014400;31286051;74073;106496;18546;241;0;0;11918577664;0;0;3478812672;3479154688;92475392;0;8192;3478716416;12336156672;11918577664;0;0;3487543296;92475392;8192;12336156672;5.169876181777842;opencraft.x86_64;0;11813;34991;41;88;26697;1;running;None;5712;5712;5712;zmr280;4247042427;3072072001;18868150;19385270;0;0;0;0;0;0;0;0;0;0;0;0;605259588;40714774976;3455187;3094861;0;0;0;7;44748429;44748429;268442;268442;0;0;0;0;0;0;0;0;0;0;0;0;0;0;0;0;0;0;0;0;516959;6390961664;115;6352896;352177;6347798016;174557;5154390016;137673;2183349760;32971;1836605440;10331;965780992;141189;3314589696;203966;3196156416;20;3194880;27720092;545758090752;3799306;710214086656;1002;21362176;18615;3214090240;27518311;542511759360;3780663;706996838400;200680;3222478848;9;3158016;0;0;0;0;0.0;0.0;17555922.89;174724.57;0.0;48899.85;729.7;0.0;1966021.16;5844257.18;25.5;2.6054374999999994;1200.0;3200.0;169540333604;34758792014;14392020530;0
1722095654438.7869;2;190.7;0.0;0.0;0.33;24.92;55.61;1722095602.38;/home/zmr280;/var/scratch/zmr280/opencraft/opencraft.x86_64;5712;5712;5712;231014400;31653002;75237;106496;18631;242;0;0;12187013120;0;0;3644581888;3642822656;92475392;0;8192;3644485632;12604592128;12187013120;0;0;3644919808;92475392;8192;12604592128;5.403168505888412;opencraft.x86_64;0;11925;35846;41;88;26697;1;running;None;5712;5712;5712;zmr280;4247499055;3072167819;18869055;19385915;0;0;0;0;0;0;0;0;0;0;0;0;605259588;40714774976;3455187;3094861;0;0;0;7;44748429;44748429;268442;268442;0;0;0;0;0;0;0;0;0;0;0;0;0;0;0;0;0;0;0;0;516959;6390961664;115;6352896;352177;6347798016;174557;5154390016;137673;2183349760;32971;1836605440;10331;965780992;141189;3314589696;203966;3196156416;20;3194880;27720092;545758090752;3799306;710214086656;1002;21362176;18615;3214090240;27518311;542511759360;3780663;706996838400;200680;3222478848;9;3158016;0;0;0;0;0.0;0.0;17555947.32;174724.57;0.0;48899.93;729.7;0.0;1966022.99;5844263.53;25.2;2.603625;1200.0;3200.0;169540673393;34758839504;14392040541;0
1722095655471.7869;3;196.3;0.0;0.0;0.33;25.39;57.17;1722095602.38;/home/zmr280;/var/scratch/zmr280/opencraft/opencraft.x86_64;5712;5712;5712;231014400;31997290;76331;110592;18657;243;0;0;12455448576;0;0;3793889280;3794243584;92475392;0;8192;3793793024;12873027584;12455448576;0;0;3798437888;92475392;8192;12873027584;5.630741154570525;opencraft.x86_64;0;12056;36692;41;88;26697;1;running;None;5712;5712;5712;zmr280;4248030288;3072263177;18869920;19386555;0;0;0;0;0;0;0;0;0;0;0;0;605261620;40714775168;3455189;3094862;0;0;0;7;44748429;44748429;268442;268442;0;0;0;0;0;0;0;0;0;0;0;0;0;0;0;0;0;0;0;0;516959;6390961664;115;6352896;352177;6347798016;174557;5154390016;137673;2183349760;32971;1836605440;10331;965780992;141189;3314589696;203966;3196156416;20;3194880;27720092;545758090752;3799306;710214086656;1002;21362176;18615;3214090240;27518311;542511759360;3780663;706996838400;200680;3222478848;9;3158016;0;0;0;0;0.0;0.0;17555971.75;174724.57;0.0;48900.04;729.7;0.0;1966024.77;5844269.86;25.2;2.60059375;1200.0;3200.0;169541011709;34758887323;14392060708;0
1722095656506.0247;27;189.5;0.0;0.0;0.33;25.86;58.66;1722095602.38;/home/zmr280;/var/scratch/zmr280/opencraft/opencraft.x86_64;5712;5712;5712;231014400;32359162;77477;110592;18657;243;0;0;12455448576;0;0;3861055488;3861409792;92475392;0;8192;3860959232;12873027584;12455448576;0;0;3861401600;92475392;8192;12873027584;5.724077514110051;opencraft.x86_64;0;12147;37505;41;88;26697;1;running;None;5712;5712;5712;zmr280;4248245512;3072359112;18870650;19387196;0;0;0;0;0;0;0;0;0;0;0;0;605261620;40714775168;3455189;3094862;0;0;0;7;44748429;44748429;268442;268442;0;0;0;0;0;0;0;0;0;0;0;0;0;0;0;0;0;0;0;0;516959;6390961664;115;6352896;352177;6347798016;174567;5154435072;137673;2183349760;32971;1836605440;10331;965780992;141199;3314634752;203966;3196156416;20;3194880;27720092;545758090752;3799306;710214086656;1002;21362176;18615;3214090240;27518311;542511759360;3780663;706996838400;200680;3222478848;9;3158016;0;0;0;0;0.0;0.0;17555996.03;174724.57;0.0;48900.13;729.71;0.0;1966026.56;5844276.47;25.9;2.6047187499999995;1200.0;3200.0;169541353089;34758934654;14392081275;0
1722095657540.2417;9;166.5;0.0;0.0;0.33;26.24;60.0;1722095602.38;/home/zmr280;/var/scratch/zmr280/opencraft/opencraft.x86_64;5712;5712;5712;231014400;32671890;78469;110592;18657;243;0;0;12455448576;0;0;3861092352;3861442560;92475392;0;8192;3860996096;12873027584;12455448576;0;0;3861442560;92475392;8192;12873027584;5.724138232532859;opencraft.x86_64;0;12262;38247;41;88;26697;1;running;None;5712;5712;5712;zmr280;4248330174;3072454086;18871308;19387829;0;0;0;0;0;0;0;0;0;0;0;0;605261832;40714775336;3455191;3094863;0;0;0;7;44748429;44748429;268442;268442;0;0;0;0;0;0;0;0;0;0;0;0;0;0;0;0;0;0;0;0;516959;6390961664;115;6352896;352177;6347798016;174567;5154435072;137673;2183349760;32971;1836605440;10331;965780992;141199;3314634752;203966;3196156416;20;3194880;27720092;545758090752;3799306;710214086656;1002;21362176;18615;3214090240;27518311;542511759360;3780663;706996838400;200680;3222478848;9;3158016;0;0;0;0;0.0;0.0;17556020.71;174724.57;0.0;48900.21;729.71;0.0;1966028.33;5844283.1;25.6;2.6067187499999998;1200.0;3200.0;169541689925;34758984212;14392101483;0
1722095658573.6023;7;167.5;0.0;0.0;0.33;26.65;61.32;1722095602.38;/home/zmr280;/var/scratch/zmr280/opencraft/opencraft.x86_64;5712;5712;5712;231014400;33009838;79541;110592;18657;243;0;0;12455448576;0;0;3861145600;3861487616;92475392;0;8192;3861049344;12873027584;12455448576;0;0;3861487616;92475392;8192;12873027584;5.724205022797946;opencraft.x86_64;0;12370;39040;41;88;26697;1;running;None;5712;5712;5712;zmr280;4248411813;3072548457;18871958;19388466;0;0;0;0;0;0;0;0;0;0;0;0;605268892;40714775696;3455195;3094865;0;0;0;7;44748429;44748429;268442;268442;0;0;0;0;0;0;0;0;0;0;0;0;0;0;0;0;0;0;0;0;516959;6390961664;115;6352896;352177;6347798016;174567;5154435072;137673;2183349760;32971;1836605440;10331;965780992;141199;3314634752;203966;3196156416;20;3194880;27720092;545758090752;3799306;710214086656;1002;21362176;18615;3214090240;27518311;542511759360;3780663;706996838400;200680;3222478848;9;3158016;0;0;0;0;0.0;0.0;17556045.24;174724.57;0.0;48900.33;729.71;0.0;1966030.16;5844289.64;25.7;2.6030624999999996;1200.0;3200.0;169542026493;34759032415;14392121901;0
1722095659606.1077;19;195.5;0.0;0.0;0.33;27.21;62.78;1722095602.38;/home/zmr280;/var/scratch/zmr280/opencraft/opencraft.x86_64;5712;5712;5712;231014400;33373006;80693;114688;18684;244;0;0;12455448576;0;0;3934586880;3934924800;92475392;0;8192;3934490624;12873027584;12455448576;0;0;3934924800;92475392;8192;12873027584;5.833067083049323;opencraft.x86_64;0;12502;39941;41;88;26697;1;running;None;5712;5712;5712;zmr280;4248649502;3072644517;18872584;19389106;0;0;0;0;0;0;0;0;0;0;0;0;605270952;40714775888;3455197;3094866;0;0;0;7;44748429;44748429;268442;268442;0;0;0;0;0;0;0;0;0;0;0;0;0;0;0;0;0;0;0;0;516959;6390961664;115;6352896;352177;6347798016;174567;5154435072;137673;2183349760;32971;1836605440;10331;965780992;141199;3314634752;203966;3196156416;20;3194880;27720092;545758090752;3799306;710214086656;1002;21362176;18615;3214090240;27518311;542511759360;3780663;706996838400;200680;3222478848;9;3158016;0;0;0;0;0.0;0.0;17556069.58;174724.57;0.0;48900.42;729.71;0.0;1966032.04;5844296.14;25.8;2.6037500000000002;1200.0;3200.0;169542363545;34759081139;14392142419;0
1722095660639.1074;1;175.2;0.0;0.0;0.33;27.73;64.07;1722095602.38;/home/zmr280;/var/scratch/zmr280/opencraft/opencraft.x86_64;5712;5712;5712;231014400;33792919;82025;114688;18684;244;0;0;12455448576;0;0;3934644224;3934986240;92475392;0;8192;3934547968;12873027584;12455448576;0;0;3934986240;92475392;8192;12873027584;5.833158160683534;opencraft.x86_64;0;12591;40909;41;88;26697;1;running;None;5712;5712;5712;zmr280;4248735656;3072740129;18873242;19389737;0;0;0;0;0;0;0;0;0;0;0;0;605271164;40714776056;3455199;3094867;0;0;0;7;44748429;44748429;268442;268442;0;0;0;0;0;0;0;0;0;0;0;0;0;0;0;0;0;0;0;0;516959;6390961664;115;6352896;352177;6347798016;174567;5154435072;137673;2183349760;32971;1836605440;10331;965780992;141199;3314634752;203966;3196156416;20;3194880;27720092;545758090752;3799306;710214086656;1002;21362176;18615;3214090240;27518311;542511759360;3780663;706996838400;200680;3222478848;9;3158016;0;0;0;0;0.0;0.0;17556094.07;174724.57;0.0;48900.53;729.72;0.0;1966033.91;5844302.58;25.6;2.6021875;1200.0;3200.0;169542705568;34759127723;14392163132;0
1722095661672.0896;3;172.0;0.0;0.0;0.33;28.26;65.32;1722095602.38;/home/zmr280;/var/scratch/zmr280/opencraft/opencraft.x86_64;5712;5712;5712;231014400;34209049;83345;114688;18684;244;0;0;12455448576;0;0;3934705664;3935043584;92475392;0;8192;3934609408;12873027584;12455448576;0;0;3935055872;92475392;8192;12873027584;5.8332613820023065;opencraft.x86_64;0;12681;41850;41;88;26697;1;running;None;5712;5712;5712;zmr280;4248822106;3072836160;18873901;19390367;0;0;0;0;0;0;0;0;0;0;0;0;605273092;40714778072;3455212;3094879;0;0;0;7;44748429;44748429;268442;268442;0;0;0;0;0;0;0;0;0;0;0;0;0;0;0;0;0;0;0;0;516959;6390961664;115;6352896;352177;6347798016;174567;5154435072;137673;2183349760;32971;1836605440;10331;965780992;141199;3314634752;203966;3196156416;20;3194880;27720092;545758090752;3799306;710214086656;1002;21362176;18615;3214090240;27518311;542511759360;3780663;706996838400;200680;3222478848;9;3158016;0;0;0;0;0.0;0.0;17556118.77;174724.57;0.0;48900.63;729.72;0.0;1966035.73;5844308.91;25.0;2.6044375;1200.0;3200.0;169543046481;34759174972;14392183512;0
1722095662706.9006;26;194.5;0.0;0.0;0.33;28.72;66.87;1722095602.38;/home/zmr280;/var/scratch/zmr280/opencraft/opencraft.x86_64;5712;5712;5712;231014400;34581044;84525;118784;18711;245;0;0;12455448576;0;0;3983411200;3983765504;92475392;0;8192;3983314944;12873027584;12455448576;0;0;3983765504;92475392;8192;12873027584;5.905467730404859;opencraft.x86_64;0;12783;42780;41;88;26697;1;running;None;5712;5712;5712;zmr280;4249054617;3072931285;18874549;19391002;0;0;0;0;0;0;0;0;0;0;0;0;605275544;40714778616;3455217;3094882;0;0;0;7;44748429;44748429;268442;268442;0;0;0;0;0;0;0;0;0;0;0;0;0;0;0;0;0;0;0;0;516959;6390961664;115;6352896;352177;6347798016;174567;5154435072;137673;2183349760;32971;1836605440;10331;965780992;141199;3314634752;203966;3196156416;20;3194880;27720092;545758090752;3799306;710214086656;1002;21362176;18615;3214090240;27518311;542511759360;3780663;706996838400;200680;3222478848;9;3158016;0;0;0;0;0.0;0.0;17556143.16;174724.57;0.0;48900.71;729.72;0.0;1966037.59;5844315.57;26.1;2.6008437500000006;1200.0;3200.0;169543384245;34759222905;14392204325;0
1722095663740.3525;15;166.4;0.0;0.0;0.33;29.11;68.2;1722095602.38;/home/zmr280;/var/scratch/zmr280/opencraft/opencraft.x86_64;5712;5712;5712;231014400;34896294;85525;118784;18711;245;0;0;12455448576;0;0;3983411200;3983765504;92475392;0;8192;3983314944;12873027584;12455448576;0;0;3983765504;92475392;8192;12873027584;5.905467730404859;opencraft.x86_64;0;12882;43516;41;88;26697;1;running;None;5712;5712;5712;zmr280;4249141732;3073027527;18875206;19391642;0;0;0;0;0;0;0;0;0;0;0;0;605284700;40714779972;3455227;3094889;0;0;0;7;44748429;44748429;268442;268442;0;0;0;0;0;0;0;0;0;0;0;0;0;0;0;0;0;0;0;0;516959;6390961664;115;6352896;352177;6347798016;174567;5154435072;137673;2183349760;32971;1836605440;10331;965780992;141199;3314634752;203966;3196156416;20;3194880;27720092;545758090752;3799306;710214086656;1002;21362176;18615;3214090240;27518311;542511759360;3780663;706996838400;200680;3222478848;9;3158016;0;0;0;0;0.0;0.0;17556167.76;174724.57;0.0;48900.81;729.73;0.0;1966039.37;5844322.01;25.3;2.6047187499999995;1200.0;3200.0;169543720709;34759270966;14392224388;0
1722095664774.1416;20;167.6;0.0;0.0;0.33;29.49;69.55;1722095602.38;/home/zmr280;/var/scratch/zmr280/opencraft/opencraft.x86_64;5712;5712;5712;231014400;35200195;86489;118784;18711;245;0;0;12455448576;0;0;3983411200;3983765504;92475392;0;8192;3983314944;12873027584;12455448576;0;0;3983765504;92475392;8192;12873027584;5.905467730404859;opencraft.x86_64;0;13055;44248;41;88;26697;1;running;None;5712;5712;5712;zmr280;4249228823;3073124305;18875863;19392290;0;0;0;0;0;0;0;0;0;0;0;0;605284756;40714779972;3455228;3094889;0;0;0;7;44748429;44748429;268442;268442;0;0;0;0;0;0;0;0;0;0;0;0;0;0;0;0;0;0;0;0;516959;6390961664;115;6352896;352177;6347798016;174567;5154435072;137673;2183349760;32971;1836605440;10331;965780992;141199;3314634752;203966;3196156416;20;3194880;27720092;545758090752;3799306;710214086656;1002;21362176;18615;3214090240;27518311;542511759360;3780663;706996838400;200680;3222478848;9;3158016;0;0;0;0;0.0;0.0;17556192.45;174724.57;0.0;48900.88;729.73;0.0;1966041.11;5844328.5;25.2;2.602281249999999;1200.0;3200.0;169544056859;34759319855;14392244280;0
1722095665806.491;22;181.8;0.0;0.0;0.33;29.95;70.97;1722095602.38;/home/zmr280;/var/scratch/zmr280/opencraft/opencraft.x86_64;5712;5712;5712;231014400;35593627;87737;122880;18738;246;0;0;12455448576;0;0;4010616832;4010971136;92475392;0;8192;4010520576;12873027584;12455448576;0;0;4017262592;92475392;8192;12873027584;5.955123256576746;opencraft.x86_64;0;13181;45146;41;88;26697;1;running;None;5712;5712;5712;zmr280;4249445336;3073219673;18876512;19392930;0;0;0;0;0;0;0;0;0;0;0;0;605286872;40714780164;3455230;3094890;0;0;0;7;44748429;44748429;268442;268442;0;0;0;0;0;0;0;0;0;0;0;0;0;0;0;0;0;0;0;0;516959;6390961664;115;6352896;352177;6347798016;174567;5154435072;137673;2183349760;32971;1836605440;10331;965780992;141199;3314634752;203966;3196156416;20;3194880;27720092;545758090752;3799306;710214086656;1002;21362176;18615;3214090240;27518311;542511759360;3780663;706996838400;200680;3222478848;9;3158016;0;0;0;0;0.0;0.0;17556217.0;174724.57;0.0;48900.98;729.73;0.0;1966042.9;5844335.1;25.7;2.604343749999999;1200.0;3200.0;169544394233;34759367563;14392265091;0
1722095666840.7327;0;189.3;0.0;0.0;0.33;30.45;72.43;1722095602.38;/home/zmr280;/var/scratch/zmr280/opencraft/opencraft.x86_64;5712;5712;5712;231014400;35993364;89005;122880;18738;246;0;0;12455448576;0;0;4050462720;4050817024;92475392;0;8192;4050366464;12873027584;12455448576;0;0;4050817024;92475392;8192;12873027584;6.004863788540563;opencraft.x86_64;0;13280;46159;41;88;26697;1;running;None;5712;5712;5712;zmr280;4249550238;3073315428;18877169;19393572;0;0;0;0;0;0;0;0;0;0;0;0;605286872;40714780164;3455230;3094890;0;0;0;7;44748429;44748429;268442;268442;0;0;0;0;0;0;0;0;0;0;0;0;0;0;0;0;0;0;0;0;516959;6390961664;115;6352896;352177;6347798016;174567;5154435072;137673;2183349760;32971;1836605440;10331;965780992;141199;3314634752;203966;3196156416;20;3194880;27720092;545758090752;3799313;710214123520;1002;21362176;18622;3214127104;27518311;542511759360;3780663;706996838400;200680;3222478848;9;3158016;0;0;0;0;0.0;0.0;17556241.33;174724.58;0.0;48901.06;729.73;0.0;1966044.74;5844341.81;26.2;2.6015625;1200.0;3200.0;169544728789;34759413533;14392286002;0
1722095667876.0098;4;175.3;0.0;0.0;0.33;30.94;73.75;1722095602.38;/home/zmr280;/var/scratch/zmr280/opencraft/opencraft.x86_64;5712;5712;5712;231014400;36404450;90309;122880;18738;246;0;0;12455448576;0;0;4050462720;4050817024;92475392;0;8192;4050366464;12873027584;12455448576;0;0;4050817024;92475392;8192;12873027584;6.004863788540563;opencraft.x86_64;0;13357;47109;41;88;26697;1;running;None;5712;5712;5712;zmr280;4249634844;3073411371;18877826;19394211;0;0;0;0;0;0;0;0;0;0;0;0;605286872;40714780164;3455230;3094890;0;0;0;7;44748429;44748429;268442;268442;0;0;0;0;0;0;0;0;0;0;0;0;0;0;0;0;0;0;0;0;516959;6390961664;115;6352896;352177;6347798016;174567;5154435072;137673;2183349760;32971;1836605440;10331;965780992;141199;3314634752;203966;3196156416;20;3194880;27720092;545758090752;3799313;710214123520;1002;21362176;18622;3214127104;27518311;542511759360;3780663;706996838400;200680;3222478848;9;3158016;0;0;0;0;0.0;0.0;17556265.71;174724.58;0.0;48901.13;729.73;0.0;1966046.52;5844348.02;24.8;2.5979062500000003;1200.0;3200.0;169545066456;34759459994;14392305568;0
1722095668908.258;14;170.5;0.0;0.0;0.33;31.36;75.09;1722095602.38;/home/zmr280;/var/scratch/zmr280/opencraft/opencraft.x86_64;5712;5712;5712;231014400;36795360;91549;122880;18738;246;0;0;12455448576;0;0;4055177216;4055531520;92475392;0;8192;4055080960;12873027584;12455448576;0;0;4055531520;92475392;8192;12873027584;6.011852479005694;opencraft.x86_64;0;13457;48007;41;88;26697;1;running;None;5712;5712;5712;zmr280;4249718606;3073506012;18878484;19394842;0;0;0;0;0;0;0;0;0;0;0;0;605296384;40714780524;3455234;3094892;0;0;0;7;44748429;44748429;268442;268442;0;0;0;0;0;0;0;0;0;0;0;0;0;0;0;0;0;0;0;0;516959;6390961664;115;6352896;352177;6347798016;174567;5154435072;137673;2183349760;32971;1836605440;10331;965780992;141199;3314634752;203966;3196156416;20;3194880;27720092;545758090752;3799313;710214123520;1002;21362176;18622;3214127104;27518311;542511759360;3780663;706996838400;200680;3222478848;9;3158016;0;0;0;0;0.0;0.0;17556290.25;174724.58;0.0;48901.24;729.73;0.0;1966048.18;5844354.33;24.8;2.60275;1200.0;3200.0;169545405745;34759507652;14392325270;0
1722095669940.9248;3;188.7;0.0;0.0;0.33;31.79;76.61;1722095602.38;/home/zmr280;/var/scratch/zmr280/opencraft/opencraft.x86_64;5712;5712;5712;231014400;37105640;92533;126976;18765;247;0;0;12455448576;0;0;4115994624;4116348928;92475392;0;8192;4115898368;12873027584;12455448576;0;0;4116348928;92475392;8192;12873027584;6.102007193190113;opencraft.x86_64;0;13587;48777;41;88;26697;1;running;None;5712;5712;5712;zmr280;4249952187;3073601400;18879134;19395485;0;0;0;0;0;0;0;0;0;0;0;0;605298524;40714780716;3455236;3094893;0;0;0;7;44748429;44748429;268442;268442;0;0;0;0;0;0;0;0;0;0;0;0;0;0;0;0;0;0;0;0;516959;6390961664;115;6352896;352177;6347798016;174567;5154435072;137673;2183349760;32971;1836605440;10331;965780992;141199;3314634752;203966;3196156416;20;3194880;27720092;545758090752;3799313;710214123520;1002;21362176;18622;3214127104;27518311;542511759360;3780663;706996838400;200680;3222478848;9;3158016;0;0;0;0;0.0;0.0;17556314.73;174724.58;0.0;48901.32;729.73;0.0;1966049.94;5844360.83;25.4;2.573187499999999;1200.0;3200.0;169545742308;34759555670;14392345333;0
1722095670974.1777;5;171.4;0.0;0.0;0.33;32.27;77.9;1722095602.38;/home/zmr280;/var/scratch/zmr280/opencraft/opencraft.x86_64;5712;5712;5712;231014400;37498122;93777;126976;18765;247;0;0;12455448576;0;0;4115994624;4116348928;92475392;0;8192;4115898368;12873027584;12455448576;0;0;4116348928;92475392;8192;12873027584;6.102007193190113;opencraft.x86_64;0;13692;49686;41;88;26697;1;sleeping;None;5712;5712;5712;zmr280;4250036877;3073697313;18879790;19396125;0;0;0;0;0;0;0;0;0;0;0;0;605298524;40714780716;3455236;3094893;0;0;0;7;44748429;44748429;268442;268442;0;0;0;0;0;0;0;0;0;0;0;0;0;0;0;0;0;0;0;0;516959;6390961664;115;6352896;352177;6347798016;174567;5154435072;137673;2183349760;32971;1836605440;10331;965780992;141199;3314634752;203966;3196156416;20;3194880;27720092;545758090752;3799313;710214123520;1002;21362176;18622;3214127104;27518311;542511759360;3780663;706996838400;200680;3222478848;9;3158016;0;0;0;0;0.0;0.0;17556339.39;174724.58;0.0;48901.41;729.74;0.0;1966051.66;5844367.01;24.5;2.6037812499999995;1200.0;3200.0;169546078964;34759603584;14392364971;0
1722095672006.6257;4;175.2;0.0;0.0;0.33;32.75;79.23;1722095602.38;/home/zmr280;/var/scratch/zmr280/opencraft/opencraft.x86_64;5712;5712;5712;231014400;37890604;95021;126976;18765;247;0;0;12470575104;0;0;4126894080;4127240192;92475392;0;8192;4126797824;12888154112;12470575104;0;0;4127240192;92475392;8192;12888154112;6.118152221814599;opencraft.x86_64;0;13759;50597;41;88;26697;1;running;None;5712;5712;5712;zmr280;4250123151;3073793906;18880447;19396768;0;0;0;0;0;0;0;0;0;0;0;0;605298524;40714780716;3455236;3094893;0;0;0;7;44748429;44748429;268442;268442;0;0;0;0;0;0;0;0;0;0;0;0;0;0;0;0;0;0;0;0;516959;6390961664;115;6352896;352177;6347798016;174571;5154451456;137673;2183349760;32971;1836605440;10331;965780992;141203;3314651136;203966;3196156416;20;3194880;27720092;545758090752;3799313;710214123520;1002;21362176;18622;3214127104;27518311;542511759360;3780663;706996838400;200680;3222478848;9;3158016;0;0;0;0;0.0;0.0;17556363.87;174724.58;0.0;48901.52;729.74;0.0;1966053.49;5844373.45;25.5;2.6022187499999996;1200.0;3200.0;169546422254;34759652531;14392384989;0
1722095673040.3594;5;174.1;0.0;0.0;0.33;33.22;80.56;1722095602.38;/home/zmr280;/var/scratch/zmr280/opencraft/opencraft.x86_64;5712;5712;5712;231014400;38288134;96281;126976;18765;247;0;0;12470575104;0;0;4126885888;4127240192;92475392;0;8192;4126789632;12888154112;12470575104;0;0;4127240192;92475392;8192;12888154112;6.118152221814599;opencraft.x86_64;0;13837;51521;41;88;26697;1;running;None;5712;5712;5712;zmr280;4250206952;3073888884;18881105;19397404;0;0;0;0;0;0;0;0;0;0;0;0;605298736;40714780884;3455238;3094894;0;0;0;7;44748429;44748429;268442;268442;0;0;0;0;0;0;0;0;0;0;0;0;0;0;0;0;0;0;0;0;516959;6390961664;115;6352896;352177;6347798016;174571;5154451456;137673;2183349760;32971;1836605440;10331;965780992;141203;3314651136;203966;3196156416;20;3194880;27720092;545758090752;3799313;710214123520;1002;21362176;18622;3214127104;27518311;542511759360;3780663;706996838400;200680;3222478848;9;3158016;0;0;0;0;0.0;0.0;17556388.39;174724.58;0.0;48901.63;729.74;0.0;1966055.27;5844379.82;25.2;2.5992499999999996;1200.0;3200.0;169546766141;34759700927;14392404908;0
1722095674074.9106;10;197.3;0.0;0.0;0.33;33.7;82.12;1722095602.38;/home/zmr280;/var/scratch/zmr280/opencraft/opencraft.x86_64;5712;5712;5712;231014400;38649066;97425;131072;18792;248;0;0;12470575104;0;0;4152055808;4152406016;92475392;0;8192;4151959552;12888154112;12470575104;0;0;4152406016;92475392;8192;12888154112;6.155457620787462;opencraft.x86_64;0;13946;52357;41;88;26697;1;running;None;5712;5712;5712;zmr280;4250440030;3073984844;18881753;19398044;0;0;0;0;0;0;0;0;0;0;0;0;605307716;40714781680;3455245;3094899;0;0;0;7;44748429;44748429;268442;268442;0;0;0;0;0;0;0;0;0;0;0;0;0;0;0;0;0;0;0;0;516959;6390961664;115;6352896;352177;6347798016;174571;5154451456;137673;2183349760;32971;1836605440;10331;965780992;141203;3314651136;203966;3196156416;20;3194880;27720092;545758090752;3799313;710214123520;1002;21362176;18622;3214127104;27518311;542511759360;3780663;706996838400;200680;3222478848;9;3158016;0;0;0;0;0.0;0.0;17556412.75;174724.58;0.0;48901.7;729.74;0.0;1966057.06;5844386.48;25.9;2.6022812499999994;1200.0;3200.0;169547101272;34759750017;14392425184;0
1722095675107.654;12;165.6;0.0;0.0;0.33;34.09;83.44;1722095602.38;/home/zmr280;/var/scratch/zmr280/opencraft/opencraft.x86_64;5712;5712;5712;231014400;38940588;98349;131072;18792;248;0;0;12470575104;0;0;4152051712;4152406016;92475392;0;8192;4151955456;12888154112;12470575104;0;0;4152406016;92475392;8192;12888154112;6.155457620787462;opencraft.x86_64;0;14117;53064;41;88;26697;1;running;None;5712;5712;5712;zmr280;4250523135;3074079579;18882411;19398683;0;0;0;0;0;0;0;0;0;0;0;0;605307772;40714781680;3455246;3094899;0;0;0;7;44748429;44748429;268442;268442;0;0;0;0;0;0;0;0;0;0;0;0;0;0;0;0;0;0;0;0;516959;6390961664;115;6352896;352177;6347798016;174571;5154451456;137673;2183349760;32971;1836605440;10331;965780992;141203;3314651136;203966;3196156416;20;3194880;27720092;545758090752;3799313;710214123520;1002;21362176;18622;3214127104;27518311;542511759360;3780663;706996838400;200680;3222478848;9;3158016;0;0;0;0;0.0;0.0;17556437.41;174724.58;0.0;48901.78;729.74;0.0;1966058.83;5844392.82;24.9;2.552;1200.0;3200.0;169547434981;34759797652;14392445492;0
1722095676140.4246;15;164.6;0.0;0.0;0.33;34.48;84.75;1722095602.38;/home/zmr280;/var/scratch/zmr280/opencraft/opencraft.x86_64;5712;5712;5712;231014400;39230848;99269;131072;18792;248;0;0;12470575104;0;0;4152055808;4152406016;92475392;0;8192;4151959552;12888154112;12470575104;0;0;4152406016;92475392;8192;12888154112;6.155457620787462;opencraft.x86_64;0;14273;53778;41;88;26697;1;running;None;5712;5712;5712;zmr280;4250606478;3074174244;18883069;19399313;0;0;0;0;0;0;0;0;0;0;0;0;605307772;40714781680;3455246;3094899;0;0;0;7;44748429;44748429;268442;268442;0;0;0;0;0;0;0;0;0;0;0;0;0;0;0;0;0;0;0;0;516959;6390961664;115;6352896;352177;6347798016;174571;5154451456;137673;2183349760;32971;1836605440;10331;965780992;141203;3314651136;203966;3196156416;20;3194880;27720092;545758090752;3799313;710214123520;1002;21362176;18622;3214127104;27518311;542511759360;3780663;706996838400;200680;3222478848;9;3158016;0;0;0;0;0.0;0.0;17556461.97;174724.58;0.0;48901.87;729.75;0.0;1966060.55;5844399.24;25.1;2.6026875;1200.0;3200.0;169547769630;34759844551;14392465233;0
1722095677173.69;17;190.5;0.0;0.0;0.33;34.96;86.24;1722095602.38;/home/zmr280;/var/scratch/zmr280/opencraft/opencraft.x86_64;5712;5712;5712;231014400;39572850;100353;135168;18819;249;0;0;12470575104;0;0;4173023232;4173377536;92475392;0;8192;4172926976;12888154112;12470575104;0;0;4173377536;92475392;8192;12888154112;6.1865454532648485;opencraft.x86_64;0;14388;54625;41;88;26697;1;running;None;5712;5712;5712;zmr280;4250843492;3074269313;18883716;19399941;0;0;0;0;0;0;0;0;0;0;0;0;605309968;40714781872;3455248;3094900;0;0;0;7;44748429;44748429;268442;268442;0;0;0;0;0;0;0;0;0;0;0;0;0;0;0;0;0;0;0;0;516959;6390961664;115;6352896;352177;6347798016;174571;5154451456;137673;2183349760;32971;1836605440;10331;965780992;141203;3314651136;203966;3196156416;20;3194880;27720092;545758090752;3799313;710214123520;1002;21362176;18622;3214127104;27518311;542511759360;3780663;706996838400;200680;3222478848;9;3158016;0;0;0;0;0.0;0.0;17556486.41;174724.58;0.0;48901.96;729.75;0.0;1966062.39;5844405.74;25.7;2.59453125;1200.0;3200.0;169548106641;34759892081;14392485654;0
1722095678207.7043;4;173.3;0.0;0.0;0.33;35.4;87.59;1722095602.38;/home/zmr280;/var/scratch/zmr280/opencraft/opencraft.x86_64;5712;5712;5712;231014400;39966594;101601;135168;18819;249;0;0;12470575104;0;0;4173023232;4173377536;92475392;0;8192;4172926976;12888154112;12470575104;0;0;4173377536;92475392;8192;12888154112;6.1865454532648485;opencraft.x86_64;0;14514;55523;41;88;26697;1;running;None;5712;5712;5712;zmr280;4250926708;3074364493;18884376;19400582;0;0;0;0;0;0;0;0;0;0;0;0;605309968;40714781872;3455248;3094900;0;0;0;7;44748429;44748429;268442;268442;0;0;0;0;0;0;0;0;0;0;0;0;0;0;0;0;0;0;0;0;516959;6390961664;115;6352896;352177;6347798016;174571;5154451456;137673;2183349760;32971;1836605440;10331;965780992;141203;3314651136;203966;3196156416;20;3194880;27720092;545758090752;3799313;710214123520;1002;21362176;18622;3214127104;27518311;542511759360;3780663;706996838400;200680;3222478848;9;3158016;0;0;0;0;0.0;0.0;17556511.06;174724.58;0.0;48902.06;729.75;0.0;1966064.14;5844412.1;25.0;2.604468749999999;1200.0;3200.0;169548445809;34759940453;14392505697;0
1722095679240.6472;5;173.3;0.0;0.0;0.33;35.91;88.87;1722095602.38;/home/zmr280;/var/scratch/zmr280/opencraft/opencraft.x86_64;5712;5712;5712;231014400;40362862;102857;135168;18819;249;0;0;12470575104;0;0;4173023232;4173377536;92475392;0;8192;4172926976;12888154112;12470575104;0;0;4173377536;92475392;8192;12888154112;6.1865454532648485;opencraft.x86_64;0;14625;56421;41;88;26697;1;running;None;5712;5712;5712;zmr280;4251008939;3074459455;18885033;19401220;0;0;0;0;0;0;0;0;0;0;0;0;605317608;40714782064;3455250;3094901;0;0;0;7;44748429;44748429;268442;268442;0;0;0;0;0;0;0;0;0;0;0;0;0;0;0;0;0;0;0;0;516959;6390961664;115;6352896;352177;6347798016;174571;5154451456;137673;2183349760;32971;1836605440;10331;965780992;141203;3314651136;203966;3196156416;20;3194880;27720092;545758090752;3799313;710214123520;1002;21362176;18622;3214127104;27518311;542511759360;3780663;706996838400;200680;3222478848;9;3158016;0;0;0;0;0.0;0.0;17556535.61;174724.59;0.0;48902.14;729.76;0.0;1966065.99;5844418.37;25.1;2.599906249999999;1200.0;3200.0;169548786608;34759990932;14392525700;0
1722095680273.6055;0;172.3;0.0;0.0;0.33;36.37;90.19;1722095602.38;/home/zmr280;/var/scratch/zmr280/opencraft/opencraft.x86_64;5712;5712;5712;231014400;40764178;104129;135168;18819;249;0;0;12470575104;0;0;4173027328;4173377536;92475392;0;8192;4172931072;12888154112;12470575104;0;0;4173377536;92475392;8192;12888154112;6.1865454532648485;opencraft.x86_64;0;14741;57341;41;88;26697;1;running;None;5712;5712;5712;zmr280;4251093623;3074554902;18885691;19401856;0;0;0;0;0;0;0;0;0;0;0;0;605317820;40714782232;3455252;3094902;0;0;0;7;44748429;44748429;268442;268442;0;0;0;0;0;0;0;0;0;0;0;0;0;0;0;0;0;0;0;0;516959;6390961664;115;6352896;352177;6347798016;174571;5154451456;137673;2183349760;32971;1836605440;10331;965780992;141203;3314651136;203966;3196156416;20;3194880;27720092;545758090752;3799313;710214123520;1002;21362176;18622;3214127104;27518311;542511759360;3780663;706996838400;200680;3222478848;9;3158016;0;0;0;0;0.0;0.0;17556560.28;174724.59;0.0;48902.22;729.76;0.0;1966067.81;5844424.8;25.2;2.600156249999999;1200.0;3200.0;169549124312;34760037983;14392545848;0
1722095681306.8713;1;193.5;0.0;0.0;0.33;36.86;91.7;1722095602.38;/home/zmr280;/var/scratch/zmr280/opencraft/opencraft.x86_64;5712;5712;5712;231014400;41137730;105313;139264;18846;250;0;0;12470575104;0;0;4179314688;4179668992;92475392;0;8192;4179218432;12888154112;12470575104;0;0;4179668992;92475392;8192;12888154112;6.195871803008064;opencraft.x86_64;0;14849;58234;41;88;26697;1;running;None;5712;5712;5712;zmr280;4251327490;3074649180;18886339;19402483;0;0;0;0;0;0;0;0;0;0;0;0;605320044;40714782424;3455254;3094903;0;0;0;7;44748429;44748429;268442;268442;0;0;0;0;0;0;0;0;0;0;0;0;0;0;0;0;0;0;0;0;516959;6390961664;115;6352896;352177;6347798016;174571;5154451456;137673;2183349760;32971;1836605440;10331;965780992;141203;3314651136;203966;3196156416;20;3194880;27720092;545758090752;3799313;710214123520;1002;21362176;18622;3214127104;27518311;542511759360;3780663;706996838400;200680;3222478848;9;3158016;0;0;0;0;0.0;0.0;17556584.65;174724.59;0.0;48902.32;729.76;0.0;1966069.58;5844431.44;25.9;2.59371875;1200.0;3200.0;169549463160;34760085659;14392566545;0
1722095682340.6558;7;172.4;0.0;0.0;0.33;37.33;93.01;1722095602.38;/home/zmr280;/var/scratch/zmr280/opencraft/opencraft.x86_64;5712;5712;5712;231014400;41535260;106573;139264;18846;250;0;0;12470575104;0;0;4179314688;4179668992;92475392;0;8192;4179218432;12888154112;12470575104;0;0;4179668992;92475392;8192;12888154112;6.195871803008064;opencraft.x86_64;0;14927;59144;41;88;26697;1;running;None;5712;5712;5712;zmr280;4251408034;3074743603;18886997;19403124;0;0;0;0;0;0;0;0;0;0;0;0;605320044;40714782424;3455254;3094903;0;0;0;7;44748429;44748429;268442;268442;0;0;0;0;0;0;0;0;0;0;0;0;0;0;0;0;0;0;0;0;516959;6390961664;115;6352896;352177;6347798016;174571;5154451456;137673;2183349760;32971;1836605440;10331;965780992;141203;3314651136;203966;3196156416;20;3194880;27720092;545758090752;3799313;710214123520;1002;21362176;18622;3214127104;27518311;542511759360;3780663;706996838400;200680;3222478848;9;3158016;0;0;0;0;0.0;0.0;17556609.2;174724.59;0.0;48902.4;729.76;0.0;1966071.29;5844437.64;24.6;2.6024687500000003;1200.0;3200.0;169549800737;34760131348;14392586401;0
1722095683373.1064;13;162.8;0.0;0.0;0.33;37.68;94.34;1722095602.38;/home/zmr280;/var/scratch/zmr280/opencraft/opencraft.x86_64;5712;5712;5712;231014400;41811638;107449;139264;18846;250;0;0;12470575104;0;0;4179314688;4179668992;92475392;0;8192;4179218432;12888154112;12470575104;0;0;4179668992;92475392;8192;12888154112;6.195871803008064;opencraft.x86_64;0;15089;59814;41;88;26697;1;running;None;5712;5712;5712;zmr280;4251492944;3074839843;18887644;19403765;0;0;0;0;0;0;0;0;0;0;0;0;605327848;40714782616;3455256;3094904;0;0;0;7;44748429;44748429;268442;268442;0;0;0;0;0;0;0;0;0;0;0;0;0;0;0;0;0;0;0;0;516959;6390961664;115;6352896;352177;6347798016;174571;5154451456;137673;2183349760;32971;1836605440;10331;965780992;141203;3314651136;203966;3196156416;20;3194880;27720092;545758090752;3799313;710214123520;1002;21362176;18622;3214127104;27518311;542511759360;3780663;706996838400;200680;3222478848;9;3158016;0;0;0;0;0.0;0.0;17556633.79;174724.6;0.0;48902.49;729.76;0.0;1966073.01;5844444.06;25.1;2.6051875000000004;1200.0;3200.0;169550132903;34760178637;14392605919;0
1722095684405.1501;6;189.7;0.0;0.0;0.33;38.05;95.93;1722095602.38;/home/zmr280;/var/scratch/zmr280/opencraft/opencraft.x86_64;5712;5712;5712;231014400;42086754;108321;143360;18873;251;0;0;12470575104;0;0;4179314688;4179668992;92475392;0;8192;4179218432;12888154112;12470575104;0;0;4179668992;92475392;8192;12888154112;6.195871803008064;opencraft.x86_64;0;15200;60489;41;88;26697;1;running;None;5712;5712;5712;zmr280;4251732506;3074934538;18888302;19404394;0;0;0;0;0;0;0;0;0;0;0;0;605330096;40714782808;3455258;3094905;0;0;0;7;44748429;44748429;268442;268442;0;0;0;0;0;0;0;0;0;0;0;0;0;0;0;0;0;0;0;0;516959;6390961664;115;6352896;352177;6347798016;174571;5154451456;137673;2183349760;32971;1836605440;10331;965780992;141203;3314651136;203966;3196156416;20;3194880;27720092;545758090752;3799313;710214123520;1002;21362176;18622;3214127104;27518311;542511759360;3780663;706996838400;200680;3222478848;9;3158016;0;0;0;0;0.0;0.0;17556658.24;174724.6;0.0;48902.57;729.77;0.0;1966074.72;5844450.64;25.5;2.601375;1200.0;3200.0;169550467491;34760227361;14392625518;0
1722095685438.2905;2;173.3;0.0;0.0;0.33;38.51;97.26;1722095602.38;/home/zmr280;/var/scratch/zmr280/opencraft/opencraft.x86_64;5712;5712;5712;231014400;42484284;109581;143360;18873;251;0;0;12470575104;0;0;4179314688;4179668992;92475392;0;8192;4179218432;12888154112;12470575104;0;0;4179668992;92475392;8192;12888154112;6.195871803008064;opencraft.x86_64;0;15330;61407;41;88;26697;1;running;None;5712;5712;5712;zmr280;4251813775;3075028051;18888959;19405017;0;0;0;0;0;0;0;0;0;0;0;0;605330096;40714782808;3455258;3094905;0;0;0;7;44748429;44748429;268442;268442;0;0;0;0;0;0;0;0;0;0;0;0;0;0;0;0;0;0;0;0;516959;6390961664;115;6352896;352177;6347798016;174571;5154451456;137673;2183349760;32971;1836605440;10331;965780992;141203;3314651136;203966;3196156416;20;3194880;27720092;545758090752;3799313;710214123520;1002;21362176;18622;3214127104;27518311;542511759360;3780663;706996838400;200680;3222478848;9;3158016;0;0;0;0;0.0;0.0;17556682.91;174724.6;0.0;48902.65;729.77;0.0;1966076.54;5844456.99;25.1;2.60315625;1200.0;3200.0;169550806324;34760275881;14392645770;0
1722095686471.0461;20;171.4;0.0;0.0;0.33;38.98;98.56;1722095602.38;/home/zmr280;/var/scratch/zmr280/opencraft/opencraft.x86_64;5712;5712;5712;231014400;42876766;110825;143360;18873;251;0;0;12470575104;0;0;4179314688;4179668992;92475392;0;8192;4179218432;12888154112;12470575104;0;0;4179668992;92475392;8192;12888154112;6.195871803008064;opencraft.x86_64;0;15409;62336;41;88;26697;1;running;None;5712;5712;5712;zmr280;4251898880;3075123954;18889617;19405659;0;0;0;0;0;0;0;0;0;0;0;0;605330096;40714782808;3455258;3094905;0;0;0;7;44748429;44748429;268442;268442;0;0;0;0;0;0;0;0;0;0;0;0;0;0;0;0;0;0;0;0;516959;6390961664;115;6352896;352177;6347798016;174576;5154484224;137673;2183349760;32971;1836605440;10331;965780992;141208;3314683904;203966;3196156416;20;3194880;27720092;545758090752;3799313;710214123520;1002;21362176;18622;3214127104;27518311;542511759360;3780663;706996838400;200680;3222478848;9;3158016;0;0;0;0;0.0;0.0;17556707.59;174724.6;0.0;48902.72;729.77;0.0;1966078.38;5844463.52;25.5;2.60303125;1200.0;3200.0;169551143270;34760322360;14392666319;0
1722095687503.4731;5;172.4;0.0;0.0;0.33;39.47;99.85;1722095602.38;/home/zmr280;/var/scratch/zmr280/opencraft/opencraft.x86_64;5712;5712;5712;231014400;43271772;112077;143360;18873;251;0;0;12470575104;0;0;4179314688;4179668992;92475392;0;8192;4179218432;12888154112;12470575104;0;0;4179668992;92475392;8192;12888154112;6.195871803008064;opencraft.x86_64;0;15515;63272;41;88;26697;1;running;None;5712;5712;5712;zmr280;4251984559;3075220887;18890272;19406313;0;0;0;0;0;0;0;0;0;0;0;0;605330308;40714782976;3455260;3094906;0;0;0;7;44748429;44748429;268442;268442;0;0;0;0;0;0;0;0;0;0;0;0;0;0;0;0;0;0;0;0;516959;6390961664;115;6352896;352177;6347798016;174576;5154484224;137673;2183349760;32971;1836605440;10331;965780992;141208;3314683904;203966;3196156416;20;3194880;27720092;545758090752;3799313;710214123520;1002;21362176;18622;3214127104;27518311;542511759360;3780663;706996838400;200680;3222478848;9;3158016;0;0;0;0;0.0;0.0;17556732.18;174724.6;0.0;48902.79;729.77;0.0;1966080.1;5844469.8;24.7;2.52503125;1200.0;3200.0;169551481238;34760368857;14392685980;0
1722095688536.2983;12;192.5;0.0;0.0;0.33;39.92;101.39;1722095602.38;/home/zmr280;/var/scratch/zmr280/opencraft/opencraft.x86_64;5712;5712;5712;231014400;43609988;113149;147456;18900;252;0;0;12470575104;0;0;4179322880;4179668992;92475392;0;8192;4179226624;12888154112;12470575104;0;0;4179668992;92475392;8192;12888154112;6.195871803008064;opencraft.x86_64;0;15608;64094;41;88;26697;1;running;None;5712;5712;5712;zmr280;4252222797;3075316169;18890918;19406958;0;0;0;0;0;0;0;0;0;0;0;0;605341816;40714783596;3455266;3094910;0;0;0;7;44748429;44748429;268442;268442;0;0;0;0;0;0;0;0;0;0;0;0;0;0;0;0;0;0;0;0;516959;6390961664;115;6352896;352177;6347798016;174576;5154484224;137673;2183349760;32971;1836605440;10331;965780992;141208;3314683904;203966;3196156416;20;3194880;27720092;545758090752;3799313;710214123520;1002;21362176;18622;3214127104;27518311;542511759360;3780663;706996838400;200680;3222478848;9;3158016;0;0;0;0;0.0;0.0;17556756.56;174724.6;0.0;48902.88;729.78;0.0;1966081.8;5844476.23;25.2;2.6049374999999997;1200.0;3200.0;169551814008;34760416055;14392705667;0
1722095689569.8691;15;161.8;0.0;0.0;0.33;40.23;102.75;1722095602.38;/home/zmr280;/var/scratch/zmr280/opencraft/opencraft.x86_64;5712;5712;5712;231014400;43864912;113957;147456;18900;252;0;0;12470575104;0;0;4179314688;4179668992;92475392;0;8192;4179218432;12888154112;12470575104;0;0;4179668992;92475392;8192;12888154112;6.195871803008064;opencraft.x86_64;0;15712;64729;41;88;26697;1;running;None;5712;5712;5712;zmr280;4252309273;3075412406;18891577;19407599;0;0;0;0;0;0;0;0;0;0;0;0;605341816;40714783596;3455266;3094910;0;0;0;7;44748429;44748429;268442;268442;0;0;0;0;0;0;0;0;0;0;0;0;0;0;0;0;0;0;0;0;516959;6390961664;115;6352896;352177;6347798016;174576;5154484224;137673;2183349760;32971;1836605440;10331;965780992;141208;3314683904;203966;3196156416;20;3194880;27720092;545758090752;3799313;710214123520;1002;21362176;18622;3214127104;27518311;542511759360;3780663;706996838400;200680;3222478848;9;3158016;0;0;0;0;0.0;0.0;17556781.19;174724.6;0.0;48902.97;729.78;0.0;1966083.54;5844482.87;25.6;2.60378125;1200.0;3200.0;169552145522;34760463238;14392725633;0
1722095690601.9995;11;163.7;0.0;0.0;0.33;40.51;104.16;1722095602.38;/home/zmr280;/var/scratch/zmr280/opencraft/opencraft.x86_64;5712;5712;5712;231014400;44119836;114765;147456;18900;252;0;0;12470575104;0;0;4181411840;4181766144;92475392;0;8192;4181315584;12888154112;12470575104;0;0;4181766144;92475392;8192;12888154112;6.198980586255802;opencraft.x86_64;0;15804;65333;41;88;26697;1;running;None;5712;5712;5712;zmr280;4252393162;3075507637;18892237;19408241;0;0;0;0;0;0;0;0;0;0;0;0;605341816;40714783596;3455266;3094910;0;0;0;7;44748429;44748429;268442;268442;0;0;0;0;0;0;0;0;0;0;0;0;0;0;0;0;0;0;0;0;516959;6390961664;115;6352896;352177;6347798016;174576;5154484224;137673;2183349760;32971;1836605440;10331;965780992;141208;3314683904;203966;3196156416;20;3194880;27720092;545758090752;3799313;710214123520;1002;21362176;18622;3214127104;27518311;542511759360;3780663;706996838400;200680;3222478848;9;3158016;0;0;0;0;0.0;0.0;17556805.86;174724.6;0.0;48903.05;729.78;0.0;1966085.17;5844489.4;25.0;2.601281249999999;1200.0;3200.0;169552475110;34760510163;14392745142;0
1722095691634.4185;8;187.0;0.0;0.0;0.33;40.88;105.72;1722095602.38;/home/zmr280;/var/scratch/zmr280/opencraft/opencraft.x86_64;5712;5712;5712;231014400;44377284;115581;151552;18927;253;0;0;12470575104;0;0;4181415936;4181766144;92475392;0;8192;4181319680;12888154112;12470575104;0;0;4181766144;92475392;8192;12888154112;6.198980586255802;opencraft.x86_64;0;15921;65998;41;88;26697;1;running;None;5712;5712;5712;zmr280;4252626497;3075602644;18892885;19408880;0;0;0;0;0;0;0;0;0;0;0;0;605344120;40714783788;3455268;3094911;0;0;0;7;44748429;44748429;268442;268442;0;0;0;0;0;0;0;0;0;0;0;0;0;0;0;0;0;0;0;0;516959;6390961664;115;6352896;352177;6347798016;174576;5154484224;137673;2183349760;32971;1836605440;10331;965780992;141208;3314683904;203966;3196156416;20;3194880;27720092;545758090752;3799313;710214123520;1002;21362176;18622;3214127104;27518311;542511759360;3780663;706996838400;200680;3222478848;9;3158016;0;0;0;0;0.0;0.0;17556830.28;174724.6;0.0;48903.15;729.78;0.0;1966086.85;5844495.8;25.1;2.5562187499999998;1200.0;3200.0;169552807019;34760558146;14392764516;0
1722095692666.5994;13;162.7;0.0;0.0;0.33;41.28;107.0;1722095602.38;/home/zmr280;/var/scratch/zmr280/opencraft/opencraft.x86_64;5712;5712;5712;231014400;44624636;116365;151552;18927;253;0;0;12470575104;0;0;4181411840;4181766144;92475392;0;8192;4181315584;12888154112;12470575104;0;0;4181766144;92475392;8192;12888154112;6.198980586255802;opencraft.x86_64;0;16028;66579;41;88;26697;1;running;None;5712;5712;5712;zmr280;4252709516;3075697963;18893532;19409513;0;0;0;0;0;0;0;0;0;0;0;0;605344120;40714783788;3455268;3094911;0;0;0;7;44748429;44748429;268442;268442;0;0;0;0;0;0;0;0;0;0;0;0;0;0;0;0;0;0;0;0;516959;6390961664;115;6352896;352177;6347798016;174576;5154484224;137673;2183349760;32971;1836605440;10331;965780992;141208;3314683904;203966;3196156416;20;3194880;27720092;545758090752;3799313;710214123520;1002;21362176;18622;3214127104;27518311;542511759360;3780663;706996838400;200680;3222478848;9;3158016;0;0;0;0;0.0;0.0;17556854.78;174724.6;0.0;48903.22;729.79;0.0;1966088.59;5844502.29;25.3;2.6014062499999997;1200.0;3200.0;169553138811;34760605429;14392784191;0
1722095693699.259;13;167.5;0.0;0.0;0.33;41.72;108.29;1722095602.38;/home/zmr280;/var/scratch/zmr280/opencraft/opencraft.x86_64;5712;5712;5712;231014400;44947708;117389;151552;18927;253;0;0;12470575104;0;0;4181411840;4181766144;92475392;0;8192;4181315584;12888154112;12470575104;0;0;4181766144;92475392;8192;12888154112;6.198980586255802;opencraft.x86_64;0;16211;67342;41;88;26697;1;running;None;5712;5712;5712;zmr280;4252792361;3075791944;18894190;19410138;0;0;0;0;0;0;0;0;0;0;0;0;605350708;40714784392;3455274;3094915;0;0;0;7;44748429;44748429;268442;268442;0;0;0;0;0;0;0;0;0;0;0;0;0;0;0;0;0;0;0;0;516959;6390961664;115;6352896;352177;6347798016;174576;5154484224;137673;2183349760;32971;1836605440;10331;965780992;141208;3314683904;203966;3196156416;20;3194880;27720092;545758090752;3799313;710214123520;1002;21362176;18622;3214127104;27518311;542511759360;3780663;706996838400;200680;3222478848;9;3158016;0;0;0;0;0.0;0.0;17556879.43;174724.6;0.0;48903.31;729.79;0.0;1966090.44;5844508.69;25.3;2.6042187499999994;1200.0;3200.0;169553477712;34760654677;14392804263;0
1722095694732.2505;4;186.7;0.0;0.0;0.33;42.07;109.87;1722095602.38;/home/zmr280;/var/scratch/zmr280/opencraft/opencraft.x86_64;5712;5712;5712;231014400;45240492;118317;155648;18954;254;0;0;12470575104;0;0;4181411840;4181766144;92475392;0;8192;4181315584;12888154112;12470575104;0;0;4181766144;92475392;8192;12888154112;6.198980586255802;opencraft.x86_64;0;16303;68072;41;88;26697;1;running;None;5712;5712;5712;zmr280;4253026436;3075887007;18894841;19410780;0;0;0;0;0;0;0;0;0;0;0;0;605353200;40714784760;3455277;3094917;0;0;0;7;44748429;44748429;268442;268442;0;0;0;0;0;0;0;0;0;0;0;0;0;0;0;0;0;0;0;0;516959;6390961664;115;6352896;352177;6347798016;174576;5154484224;137673;2183349760;32971;1836605440;10331;965780992;141208;3314683904;203966;3196156416;20;3194880;27720092;545758090752;3799313;710214123520;1002;21362176;18622;3214127104;27518311;542511759360;3780663;706996838400;200680;3222478848;9;3158016;0;0;0;0;0.0;0.0;17556903.89;174724.6;0.0;48903.42;729.79;0.0;1966092.13;5844515.37;25.7;2.600875;1200.0;3200.0;169553812350;34760703307;14392824508;0
1722095695766.1943;7;167.4;0.0;0.0;0.33;42.46;111.21;1722095602.38;/home/zmr280;/var/scratch/zmr280/opencraft/opencraft.x86_64;5712;5712;5712;231014400;45533276;119245;155648;18954;254;0;0;12470575104;0;0;4181415936;4181766144;92475392;0;8192;4181319680;12888154112;12470575104;0;0;4181766144;92475392;8192;12888154112;6.198980586255802;opencraft.x86_64;0;16388;68784;41;88;26697;1;running;None;5712;5712;5712;zmr280;4253110269;3075983224;18895497;19411432;0;0;0;0;0;0;0;0;0;0;0;0;605353256;40714784760;3455278;3094917;0;0;0;7;44748429;44748429;268442;268442;0;0;0;0;0;0;0;0;0;0;0;0;0;0;0;0;0;0;0;0;516959;6390961664;115;6352896;352177;6347798016;174576;5154484224;137673;2183349760;32971;1836605440;10331;965780992;141208;3314683904;203966;3196156416;20;3194880;27720092;545758090752;3799313;710214123520;1002;21362176;18622;3214127104;27518311;542511759360;3780663;706996838400;200680;3222478848;9;3158016;0;0;0;0;0.0;0.0;17556928.57;174724.6;0.0;48903.52;729.8;0.0;1966093.88;5844521.78;25.1;2.6028124999999993;1200.0;3200.0;169554142982;34760750325;14392844045;0
1722095696799.7087;13;167.6;0.0;0.0;0.33;42.88;112.52;1722095602.38;/home/zmr280;/var/scratch/zmr280/opencraft/opencraft.x86_64;5712;5712;5712;231014400;45843728;120229;155648;18954;254;0;0;12470575104;0;0;4181411840;4181766144;92475392;0;8192;4181315584;12888154112;12470575104;0;0;4181766144;92475392;8192;12888154112;6.198980586255802;opencraft.x86_64;0;16481;69501;41;88;26697;1;running;None;5712;5712;5712;zmr280;4253193672;3076078229;18896156;19412072;0;0;0;0;0;0;0;0;0;0;0;0;605353256;40714784760;3455278;3094917;0;0;0;7;44748429;44748429;268442;268442;0;0;0;0;0;0;0;0;0;0;0;0;0;0;0;0;0;0;0;0;516959;6390961664;115;6352896;352177;6347798016;174576;5154484224;137673;2183349760;32971;1836605440;10331;965780992;141208;3314683904;203966;3196156416;20;3194880;27720092;545758090752;3799315;710214131712;1002;21362176;18624;3214135296;27518311;542511759360;3780663;706996838400;200680;3222478848;9;3158016;0;0;0;0;0.0;0.0;17556953.13;174724.6;0.0;48903.59;729.8;0.0;1966095.58;5844528.22;25.1;2.6041249999999994;1200.0;3200.0;169554477166;34760797788;14392863741;0
1722095697831.8767;2;187.6;0.0;0.0;0.33;43.33;114.01;1722095602.38;/home/zmr280;/var/scratch/zmr280/opencraft/opencraft.x86_64;5712;5712;5712;231014400;46142822;121177;159744;18981;255;0;0;12470575104;0;0;4181411840;4181766144;92475392;0;8192;4181315584;12888154112;12470575104;0;0;4181766144;92475392;8192;12888154112;6.198980586255802;opencraft.x86_64;0;16553;70237;41;88;26697;1;running;None;5712;5712;5712;zmr280;4253433921;3076173226;18896805;19412711;0;0;0;0;0;0;0;0;0;0;0;0;605355612;40714784952;3455280;3094918;0;0;0;7;44748429;44748429;268442;268442;0;0;0;0;0;0;0;0;0;0;0;0;0;0;0;0;0;0;0;0;516959;6390961664;115;6352896;352177;6347798016;174576;5154484224;137673;2183349760;32971;1836605440;10331;965780992;141208;3314683904;203966;3196156416;20;3194880;27720092;545758090752;3799315;710214131712;1002;21362176;18624;3214135296;27518311;542511759360;3780663;706996838400;200680;3222478848;9;3158016;0;0;0;0;0.0;0.0;17556977.58;174724.6;0.0;48903.68;729.8;0.0;1966097.38;5844534.86;25.9;2.6049375;1200.0;3200.0;169554810255;34760844917;14392883792;0
1722095698866.0012;31;166.6;0.0;0.0;0.33;43.7;115.36;1722095602.38;/home/zmr280;/var/scratch/zmr280/opencraft/opencraft.x86_64;5712;5712;5712;231014400;46439392;122117;159744;18981;255;0;0;12470575104;0;0;4181415936;4181766144;92475392;0;8192;4181319680;12888154112;12470575104;0;0;4181766144;92475392;8192;12888154112;6.198980586255802;opencraft.x86_64;0;16662;70958;41;88;26697;1;running;None;5712;5712;5712;zmr280;4253517115;3076268769;18897463;19413353;0;0;0;0;0;0;0;0;0;0;0;0;605362980;40714785144;3455282;3094919;0;0;0;7;44748429;44748429;268442;268442;0;0;0;0;0;0;0;0;0;0;0;0;0;0;0;0;0;0;0;0;516959;6390961664;115;6352896;352177;6347798016;174576;5154484224;137673;2183349760;32971;1836605440;10331;965780992;141208;3314683904;203966;3196156416;20;3194880;27720092;545758090752;3799315;710214131712;1002;21362176;18624;3214135296;27518311;542511759360;3780663;706996838400;200680;3222478848;9;3158016;0;0;0;0;0.0;0.0;17557002.19;174724.6;0.0;48903.77;729.81;0.0;1966099.05;5844541.12;24.6;2.6029062499999998;1200.0;3200.0;169555142268;34760892301;14392903038;0
1722095699898.832;8;168.4;0.0;0.0;0.33;44.08;116.72;1722095602.38;/home/zmr280;/var/scratch/zmr280/opencraft/opencraft.x86_64;5712;5712;5712;231014400;46733438;123049;159744;18981;255;0;0;12470575104;0;0;4181415936;4181766144;92475392;0;8192;4181319680;12888154112;12470575104;0;0;4181766144;92475392;8192;12888154112;6.198980586255802;opencraft.x86_64;0;16754;71640;41;88;26697;1;running;None;5712;5712;5712;zmr280;4253600458;3076363182;18898121;19413982;0;0;0;0;0;0;0;0;0;0;0;0;605362980;40714785144;3455282;3094919;0;0;0;7;44748429;44748429;268442;268442;0;0;0;0;0;0;0;0;0;0;0;0;0;0;0;0;0;0;0;0;516959;6390961664;115;6352896;352177;6347798016;174576;5154484224;137673;2183349760;32971;1836605440;10331;965780992;141208;3314683904;203966;3196156416;20;3194880;27720092;545758090752;3799315;710214131712;1002;21362176;18624;3214135296;27518311;542511759360;3780663;706996838400;200680;3222478848;9;3158016;0;0;0;0;0.0;0.0;17557026.9;174724.6;0.0;48903.85;729.81;0.0;1966100.81;5844547.47;24.9;2.60296875;1200.0;3200.0;169555471115;34760940806;14392922408;0
1722095700931.638;30;189.9;0.0;0.0;0.33;44.45;118.31;1722095602.38;/home/zmr280;/var/scratch/zmr280/opencraft/opencraft.x86_64;5712;5712;5712;231014400;47040104;124021;163840;19008;256;0;0;12470575104;0;0;4181411840;4181766144;92475392;0;8192;4181315584;12888154112;12470575104;0;0;4181766144;92475392;8192;12888154112;6.198980586255802;opencraft.x86_64;0;16894;72382;41;88;26697;1;running;None;5712;5712;5712;zmr280;4253834119;3076458265;18898769;19414606;0;0;0;0;0;0;0;0;0;0;0;0;605365364;40714785336;3455284;3094920;0;0;0;7;44748429;44748429;268442;268442;0;0;0;0;0;0;0;0;0;0;0;0;0;0;0;0;0;0;0;0;516959;6390961664;115;6352896;352177;6347798016;174576;5154484224;137673;2183349760;32971;1836605440;10331;965780992;141208;3314683904;203966;3196156416;20;3194880;27720092;545758090752;3799315;710214131712;1002;21362176;18624;3214135296;27518311;542511759360;3780663;706996838400;200680;3222478848;9;3158016;0;0;0;0;0.0;0.0;17557051.27;174724.6;0.0;48903.93;729.81;0.0;1966102.47;5844554.05;25.5;2.6010312500000006;1200.0;3200.0;169555807445;34760989101;14392942430;0
1722095701963.988;9;167.2;0.0;0.0;0.33;44.87;119.62;1722095602.38;/home/zmr280;/var/scratch/zmr280/opencraft/opencraft.x86_64;5712;5712;5712;231014400;47378320;125093;163840;19008;256;0;0;12470575104;0;0;4181411840;4181766144;92475392;0;8192;4181315584;12888154112;12470575104;0;0;4181766144;92475392;8192;12888154112;6.198980586255802;opencraft.x86_64;0;17007;73178;41;88;26697;1;sleeping;None;5712;5712;5712;zmr280;4253919967;3076554289;18899428;19415247;0;0;0;0;0;0;0;0;0;0;0;0;605365364;40714785336;3455284;3094920;0;0;0;7;44748429;44748429;268442;268442;0;0;0;0;0;0;0;0;0;0;0;0;0;0;0;0;0;0;0;0;516959;6390961664;115;6352896;352177;6347798016;174576;5154484224;137673;2183349760;32971;1836605440;10331;965780992;141208;3314683904;203966;3196156416;20;3194880;27720092;545758090752;3799315;710214131712;1002;21362176;18624;3214135296;27518311;542511759360;3780663;706996838400;200680;3222478848;9;3158016;0;0;0;0;0.0;0.0;17557075.96;174724.61;0.0;48904.03;729.81;0.0;1966104.19;5844560.57;25.2;2.603125;1200.0;3200.0;169556143936;34761036440;14392962648;0
1722095702998.798;10;165.6;0.0;0.0;0.33;45.29;120.91;1722095602.38;/home/zmr280;/var/scratch/zmr280/opencraft/opencraft.x86_64;5712;5712;5712;231014400;47714012;126157;163840;19008;256;0;0;12470575104;0;0;4181411840;4181766144;92475392;0;8192;4181315584;12888154112;12470575104;0;0;4181766144;92475392;8192;12888154112;6.198980586255802;opencraft.x86_64;0;17158;73961;41;88;26697;1;running;None;5712;5712;5712;zmr280;4254002390;3076649401;18900085;19415888;0;0;0;0;0;0;0;0;0;0;0;0;605365364;40714785336;3455284;3094920;0;0;0;7;44748429;44748429;268442;268442;0;0;0;0;0;0;0;0;0;0;0;0;0;0;0;0;0;0;0;0;516959;6390961664;115;6352896;352177;6347798016;174576;5154484224;137673;2183349760;32971;1836605440;10331;965780992;141208;3314683904;203966;3196156416;20;3194880;27720092;545758090752;3799315;710214131712;1002;21362176;18624;3214135296;27518311;542511759360;3780663;706996838400;200680;3222478848;9;3158016;0;0;0;0;0.0;0.0;17557100.52;174724.61;0.0;48904.11;729.81;0.0;1966106.02;5844566.93;25.2;2.6034062499999995;1200.0;3200.0;169556481206;34761083747;14392982795;0
1722095704031.4998;8;172.3;0.0;0.0;0.33;45.66;122.32;1722095602.38;/home/zmr280;/var/scratch/zmr280/opencraft/opencraft.x86_64;5712;5712;5712;231014400;48034560;127173;167936;19035;257;0;0;12470575104;0;0;4180953088;4181307392;92475392;0;8192;4180856832;12888154112;12470575104;0;0;4181307392;92475392;8192;12888154112;6.19830053992036;opencraft.x86_64;0;17324;74693;41;88;26697;1;running;None;5712;5712;5712;zmr280;4254198343;3076745180;18900733;19416526;0;0;0;0;0;0;0;0;0;0;0;0;605376372;40714785720;3455288;3094922;0;0;0;7;44748429;44748429;268442;268442;0;0;0;0;0;0;0;0;0;0;0;0;0;0;0;0;0;0;0;0;516959;6390961664;115;6352896;352177;6347798016;174576;5154484224;137673;2183349760;32971;1836605440;10331;965780992;141208;3314683904;203966;3196156416;20;3194880;27720092;545758090752;3799315;710214131712;1002;21362176;18624;3214135296;27518311;542511759360;3780663;706996838400;200680;3222478848;9;3158016;0;0;0;0;0.0;0.0;17557125.11;174724.61;0.0;48904.2;729.81;0.0;1966107.8;5844573.59;25.8;2.6035000000000004;1200.0;3200.0;169556817954;34761132181;14393003459;0
1722095705064.6934;15;181.1;0.0;0.0;0.33;46.15;123.7;1722095602.38;/home/zmr280;/var/scratch/zmr280/opencraft/opencraft.x86_64;5712;5712;5712;231014400;48336178;128129;167936;19035;257;0;0;12470575104;0;0;4180957184;4181307392;92475392;0;8192;4180860928;12888154112;12470575104;0;0;4181307392;92475392;8192;12888154112;6.19830053992036;opencraft.x86_64;0;17456;75427;41;88;26697;1;running;None;5712;5712;5712;zmr280;4254341217;3076845241;18901411;19417175;0;0;0;0;0;0;0;0;0;0;0;0;605376748;40714786072;3455291;3094924;0;0;0;7;44748429;44748429;268442;268442;0;0;0;0;0;0;0;0;0;0;0;0;0;0;0;0;0;0;0;0;516959;6390961664;115;6352896;352177;6347798016;174576;5154484224;137673;2183349760;32971;1836605440;10331;965780992;141208;3314683904;203966;3196156416;20;3194880;27720092;545758090752;3799315;710214131712;1002;21362176;18624;3214135296;27518311;542511759360;3780663;706996838400;200680;3222478848;9;3158016;0;0;0;0;0.0;0.0;17557149.47;174724.61;0.0;48904.29;729.81;0.0;1966109.59;5844580.12;25.7;2.6034687500000007;1200.0;3200.0;169557151043;34761179887;14393023974;0
1722095706097.1013;15;166.5;0.0;0.0;0.33;46.61;124.96;1722095602.38;/home/zmr280;/var/scratch/zmr280/opencraft/opencraft.x86_64;5712;5712;5712;231014400;48664298;129169;167936;19035;257;0;0;12470575104;0;0;4180953088;4181307392;92475392;0;8192;4180856832;12888154112;12470575104;0;0;4181307392;92475392;8192;12888154112;6.19830053992036;opencraft.x86_64;0;17565;76170;41;88;26697;1;running;None;5712;5712;5712;zmr280;4254424369;3076940540;18902067;19417816;0;0;0;0;0;0;0;0;0;0;0;0;605377656;40714786944;3455298;3094929;0;0;0;7;44748429;44748429;268442;268442;0;0;0;0;0;0;0;0;0;0;0;0;0;0;0;0;0;0;0;0;516959;6390961664;115;6352896;352177;6347798016;174576;5154484224;137673;2183349760;32971;1836605440;10331;965780992;141208;3314683904;203966;3196156416;20;3194880;27720092;545758090752;3799315;710214131712;1002;21362176;18624;3214135296;27518311;542511759360;3780663;706996838400;200680;3222478848;9;3158016;0;0;0;0;0.0;0.0;17557174.03;174724.61;0.0;48904.39;729.82;0.0;1966111.53;5844586.57;25.7;2.6031562499999996;1200.0;3200.0;169557488828;34761228537;14393044767;0
1722095707130.1428;12;166.5;0.0;0.0;0.33;47.05;126.24;1722095602.38;/home/zmr280;/var/scratch/zmr280/opencraft/opencraft.x86_64;5712;5712;5712;231014400;48988632;130197;167936;19035;257;0;0;12470575104;0;0;4180953088;4181307392;92475392;0;8192;4180856832;12888154112;12470575104;0;0;4181307392;92475392;8192;12888154112;6.19830053992036;opencraft.x86_64;0;17707;76909;41;88;26697;1;running;None;5712;5712;5712;zmr280;4254509037;3077036456;18902725;19418458;0;0;0;0;0;0;0;0;0;0;0;0;605377924;40714787112;3455301;3094930;0;0;0;7;44748429;44748429;268442;268442;0;0;0;0;0;0;0;0;0;0;0;0;0;0;0;0;0;0;0;0;516959;6390961664;115;6352896;352177;6347798016;174576;5154484224;137673;2183349760;32971;1836605440;10331;965780992;141208;3314683904;203966;3196156416;20;3194880;27720092;545758090752;3799315;710214131712;1002;21362176;18624;3214135296;27518311;542511759360;3780663;706996838400;200680;3222478848;9;3158016;0;0;0;0;0.0;0.0;17557198.62;174724.61;0.0;48904.47;729.82;0.0;1966113.29;5844592.85;24.8;2.601937499999999;1200.0;3200.0;169557823681;34761276301;14393064690;0
1722095708163.3015;3;188.7;0.0;0.0;0.33;47.46;127.78;1722095602.38;/home/zmr280;/var/scratch/zmr280/opencraft/opencraft.x86_64;5712;5712;5712;231014400;49277630;131113;172032;19062;258;0;0;12470575104;0;0;4180953088;4181307392;92475392;0;8192;4180856832;12888154112;12470575104;0;0;4181307392;92475392;8192;12888154112;6.19830053992036;opencraft.x86_64;0;17811;77614;41;88;26697;1;running;None;5712;5712;5712;zmr280;4254746318;3077132419;18903372;19419093;0;0;0;0;0;0;0;0;0;0;0;0;605380364;40714787304;3455303;3094931;0;0;0;7;44748429;44748429;268442;268442;0;0;0;0;0;0;0;0;0;0;0;0;0;0;0;0;0;0;0;0;516959;6390961664;115;6352896;352177;6347798016;174576;5154484224;137673;2183349760;32971;1836605440;10331;965780992;141208;3314683904;203966;3196156416;20;3194880;27720092;545758090752;3799315;710214131712;1002;21362176;18624;3214135296;27518311;542511759360;3780663;706996838400;200680;3222478848;9;3158016;0;0;0;0;0.0;0.0;17557223.06;174724.61;0.0;48904.56;729.82;0.0;1966114.97;5844599.33;25.2;2.602562500000001;1200.0;3200.0;169558153734;34761323826;14393084347;0
